['G'],['G'],1
['A', 'A', 'A', 'A'],['G', 'E', 'E', 'D'],0
['A', 'A', 'A', 'A'],['G', 'D', 'D', 'E'],0
['A', 'A', 'A', 'A', 'D'],['C', 'C', 'C', 'F', 'G'],0
['A', 'A'],['D', 'G'],0
['A', 'A', 'A'],['D', 'E', 'F'],0
['A', 'A', 'A', 'A'],['G', 'A', 'D', 'D'],0
['A', 'A'],['G', 'G'],0
['G', 'G', 'A', 'F', 'G', 'G'],['G', 'G', 'A', 'A', 'G', 'G'],0
['A', 'A', 'A', 'A', 'D'],['G', 'G', 'G', 'D', 'G'],0
['A', 'A'],['D', 'E'],0
['A', 'A', 'A', 'A'],['E', 'B', 'B', 'A'],0
['A', 'A', 'A', 'A', 'D'],['G', 'G', 'G', 'D', 'D'],0
['A', 'A', 'A', 'A'],['G', 'G', 'G', 'G'],0
['A', 'A'],['C', 'G'],0
['A', 'A', 'A', 'A', 'D'],['D', 'D', 'G', 'G', 'F'],0
['A', 'A', 'A', 'A'],['G', 'G', 'D', 'D'],0
['E', 'E', 'C', 'F', 'G', 'G'],['E', 'E', 'C', 'F', 'G', 'G'],1
['A', 'A'],['D', 'G'],0
['A', 'A', 'A', 'A'],['D', 'D', 'C', 'C'],0
['A', 'A', 'A', 'A', 'D'],['E', 'E', 'A', 'D', 'D'],0
['G'],['G'],1
['A', 'A'],['A', 'A'],1
['F', 'A', 'A', 'D', 'D', 'B'],['F', 'A', 'A', 'D', 'D', 'B'],1
['A', 'A', 'A', 'A', 'B'],['E', 'B', 'B', 'E', 'E'],0
['A', 'G', 'B', 'A', 'C', 'F'],['A', 'B', 'B', 'A', 'C', 'F'],0
['E', 'B', 'B', 'E', 'C', 'C'],['E', 'B', 'B', 'E', 'C', 'C'],1
['D', 'G', 'A', 'A', 'E', 'A', 'A'],['D', 'D', 'A', 'A', 'E', 'A', 'A'],0
['D', 'G', 'A', 'A', 'E', 'A'],['D', 'D', 'A', 'A', 'E', 'A'],0
['B', 'B', 'C', 'A', 'B', 'E', 'F'],['B', 'B', 'A', 'A', 'B', 'E', 'F'],0
['A', 'A', 'A'],['B', 'C', 'C'],0
['F', 'E', 'B', 'C', 'C', 'B', 'G'],['F', 'E', 'B', 'C', 'C', 'B', 'G'],1
['A', 'B', 'A', 'D', 'E', 'B'],['A', 'A', 'A', 'D', 'E', 'B'],0
['F', 'C', 'B', 'F', 'E', 'E', 'F', 'D'],['F', 'C', 'B', 'B', 'E', 'E', 'F', 'G'],0
['A', 'E', 'F', 'B', 'A', 'D', 'E', 'E', 'E'],['A', 'A', 'B', 'B', 'A', 'D', 'E', 'E', 'E'],0
['A'],['A'],1
['A', 'A'],['G', 'G'],0
['E', 'C', 'D', 'D', 'G', 'A', 'D', 'D'],['E', 'E', 'D', 'D', 'G', 'A', 'D', 'D'],0
['A', 'D', 'A', 'D', 'B', 'B'],['D', 'D', 'A', 'D', 'B', 'B'],0
['C', 'F', 'G', 'C', 'D', 'B', 'G', 'G'],['C', 'F', 'G', 'C', 'D', 'D', 'G', 'G'],0
['D', 'D', 'D', 'G', 'D', 'E'],['D', 'D', 'D', 'G', 'D', 'D'],0
['D', 'A', 'B', 'G', 'A', 'A', 'D'],['D', 'A', 'G', 'G', 'A', 'A', 'D'],0
['B', 'A', 'E', 'E', 'A', 'E', 'B'],['E', 'E', 'E', 'E', 'A', 'E', 'B'],0
['E', 'C', 'E', 'E', 'A', 'D', 'A', 'F'],['E', 'E', 'E', 'E', 'A', 'A', 'A', 'A'],0
['B', 'E', 'B', 'E', 'D', 'D'],['B', 'B', 'B', 'E', 'D', 'D'],0
['G', 'A', 'G', 'G', 'C', 'F', 'G', 'E'],['G', 'G', 'G', 'G', 'C', 'F', 'E', 'E'],0
['A', 'G', 'A', 'A', 'D', 'G', 'B'],['A', 'A', 'A', 'A', 'D', 'G', 'G'],0
['C', 'C', 'D', 'B', 'C', 'F', 'G', 'G'],['C', 'C', 'D', 'D', 'C', 'F', 'G', 'G'],0
['A', 'A', 'A', 'A', 'D'],['A', 'A', 'A', 'D', 'G'],0
['G'],['G'],1
['G', 'D', 'E', 'C', 'D', 'D', 'G', 'G'],['G', 'G', 'C', 'C', 'D', 'D', 'G', 'G'],0
['A', 'A', 'C', 'A', 'D', 'D', 'D'],['A', 'A', 'C', 'C', 'D', 'D', 'D'],0
['F', 'D', 'D', 'D', 'G', 'G', 'C', 'C'],['D', 'D', 'D', 'D', 'G', 'G', 'C', 'C'],0
['F', 'F', 'D', 'B', 'D', 'G', 'F'],['F', 'F', 'D', 'D', 'D', 'G', 'F'],0
['F', 'F', 'C', 'C', 'F', 'F', 'F', 'B'],['F', 'F', 'C', 'C', 'F', 'F', 'B', 'B'],0
['E', 'E', 'F', 'F', 'G', 'G'],['E', 'E', 'F', 'F', 'G', 'G'],1
['D', 'D', 'E', 'C', 'D', 'D'],['D', 'D', 'C', 'C', 'D', 'D'],0
['F', 'B', 'F', 'D', 'G', 'G', 'C', 'A', 'C'],['F', 'F', 'F', 'F', 'G', 'G', 'C', 'C', 'C'],0
['D', 'D', 'D', 'B', 'D', 'G', 'G'],['D', 'D', 'D', 'D', 'D', 'G', 'G'],0
['A', 'A'],['D', 'D'],0
['D', 'E', 'D', 'D', 'G', 'G', 'C', 'A'],['D', 'D', 'D', 'D', 'G', 'G', 'C', 'C'],0
['G', 'G', 'D', 'E', 'D', 'D', 'B'],['G', 'G', 'D', 'D', 'D', 'D', 'D'],0
['A', 'A', 'A', 'A', 'D'],['A', 'B', 'B', 'G', 'A'],0
['A', 'A', 'A'],['D', 'D', 'D'],0
['D', 'D', 'B', 'D', 'E', 'E', 'F', 'G'],['D', 'D', 'B', 'B', 'E', 'E', 'F', 'G'],0
['A', 'G', 'G', 'C', 'F', 'F', 'F'],['A', 'G', 'C', 'C', 'F', 'F', 'F'],0
['B', 'G', 'A', 'A', 'E', 'B', 'E', 'E'],['G', 'G', 'A', 'A', 'E', 'B', 'E', 'E'],0
['A', 'A'],['A', 'A'],1
['D', 'E', 'D', 'D', 'G', 'C', 'D', 'F'],['D', 'D', 'D', 'D', 'G', 'C', 'D', 'D'],0
['A', 'A', 'A', 'A', 'D'],['B', 'E', 'E', 'B', 'D'],0
['G', 'G', 'B', 'B', 'E', 'E', 'A', 'A'],['G', 'G', 'B', 'B', 'E', 'E', 'A', 'A'],1
['D'],['D'],1
['B', 'B', 'C', 'E', 'F', 'F', 'B', 'G', 'B'],['B', 'B', 'E', 'E', 'F', 'F', 'B', 'G', 'G'],0
['A', 'A', 'B', 'B', 'F'],['E', 'B', 'A', 'F', 'B'],0
['B', 'C', 'B', 'G', 'A', 'A', 'D', 'B'],['B', 'B', 'B', 'B', 'A', 'A', 'B', 'B'],0
['A', 'A', 'B', 'B', 'F'],['C', 'D', 'D', 'D', 'G'],0
['D', 'A', 'E', 'A', 'D', 'A', 'G', 'B'],['D', 'D', 'A', 'A', 'D', 'A', 'G', 'G'],0
['A', 'A', 'B', 'B', 'F'],['C', 'C', 'F', 'F', 'B'],0
['B', 'B', 'C', 'E', 'F', 'A', 'D', 'G'],['B', 'B', 'E', 'E', 'F', 'F', 'D', 'D'],0
['F', 'B', 'C', 'B', 'F', 'B'],['F', 'B', 'F', 'F', 'F', 'B'],0
['E', 'B', 'B', 'C', 'G', 'F', 'A'],['E', 'B', 'B', 'C', 'C', 'A', 'A'],0
['B', 'B', 'E', 'D', 'E', 'E', 'C', 'E'],['B', 'B', 'E', 'D', 'E', 'E', 'C', 'C'],0
['A', 'A', 'B', 'B', 'B'],['A', 'B', 'B', 'B', 'E'],0
['A', 'A', 'B', 'B', 'B'],['E', 'E', 'C', 'G', 'C'],0
['G', 'G', 'G', 'A', 'F', 'G', 'E', 'G', 'A', 'A', 'F'],['G', 'G', 'G', 'A', 'A', 'G', 'G', 'G', 'F', 'F', 'F'],0
['G', 'E', 'B', 'B', 'B', 'E'],['E', 'E', 'B', 'B', 'B', 'E'],0
['E', 'C', 'G', 'G', 'C', 'C', 'C', 'C'],['E', 'E', 'G', 'G', 'C', 'C', 'C', 'C'],0
['C', 'G', 'A', 'F', 'G', 'D', 'D', 'D'],['C', 'C', 'A', 'A', 'G', 'D', 'D', 'D'],0
['A', 'A', 'B'],['G', 'G', 'G'],0
['C', 'C', 'D', 'D', 'E', 'A', 'E', 'D'],['C', 'C', 'D', 'D', 'E', 'D', 'E', 'D'],0
['G', 'G', 'A', 'B', 'E', 'E', 'F', 'B', 'B'],['G', 'G', 'A', 'B', 'E', 'E', 'F', 'B', 'B'],1
['E'],['E'],1
['A'],['A'],1
['A', 'A', 'A', 'A', 'D', 'D', 'D', 'D'],['A', 'A', 'A', 'A', 'D', 'D', 'D', 'D'],1
['A', 'A'],['A', 'F'],0
['E', 'A', 'E', 'E', 'A', 'A', 'A'],['E', 'A', 'E', 'E', 'A', 'A', 'A'],1
['E', 'B', 'C', 'E', 'A', 'E', 'F'],['E', 'E', 'E', 'E', 'A', 'E', 'E'],0
['E', 'F', 'E', 'E', 'A', 'A', 'C', 'A', 'A'],['E', 'E', 'E', 'E', 'A', 'A', 'A', 'A', 'A'],0
['A', 'A'],['E', 'E'],0
['A', 'B', 'C', 'E', 'F', 'F', 'B', 'B'],['A', 'A', 'C', 'C', 'F', 'F', 'B', 'B'],0
['A', 'A'],['E', 'A'],0
['D', 'B', 'C', 'A', 'B', 'B', 'C', 'F'],['D', 'D', 'A', 'A', 'B', 'B', 'C', 'F'],0
['A', 'A', 'A'],['B', 'A', 'A'],0
['E', 'A', 'F', 'D', 'B', 'B', 'E', 'E', 'E'],['E', 'A', 'F', 'F', 'B', 'B', 'E', 'E', 'E'],0
['A'],['A'],1
['C'],['C'],1
['G', 'D', 'D', 'G', 'C', 'G'],['G', 'D', 'D', 'G', 'C', 'C'],0
['A', 'A', 'A', 'F', 'E'],['F', 'F', 'B', 'C', 'G'],0
['A', 'F', 'G', 'G', 'D', 'G', 'G'],['F', 'F', 'G', 'G', 'D', 'G', 'G'],0
['A', 'A', 'A', 'F', 'E'],['A', 'D', 'D', 'G', 'C'],0
['A', 'A', 'A', 'F'],['B', 'C', 'G', 'G'],0
['C', 'C', 'D', 'F', 'G', 'C'],['C', 'C', 'D', 'D', 'G', 'C'],0
['D', 'G', 'A', 'D', 'C', 'F'],['D', 'G', 'A', 'A', 'C', 'F'],0
['A', 'A', 'A', 'F'],['C', 'G', 'G', 'C'],0
['D'],['D'],1
['A', 'A', 'B', 'G', 'A', 'C', 'D', 'F'],['A', 'A', 'B', 'B', 'A', 'A', 'D', 'D'],0
['G', 'B', 'C', 'D', 'D', 'E'],['G', 'G', 'C', 'D', 'D', 'D'],0
['D', 'D', 'D', 'D', 'A', 'D', 'G'],['D', 'D', 'D', 'D', 'A', 'D', 'G'],1
['D', 'A', 'E', 'A', 'D', 'D', 'D'],['D', 'D', 'A', 'A', 'D', 'D', 'D'],0
['B', 'E', 'E', 'A', 'G', 'A', 'A'],['B', 'E', 'E', 'A', 'G', 'A', 'A'],1
['D', 'A', 'B', 'E', 'A', 'B', 'E'],['D', 'A', 'C', 'E', 'A', 'B', 'E'],0
['A', 'F', 'B', 'E', 'A', 'D', 'G', 'F'],['A', 'F', 'B', 'E', 'A', 'D', 'G', 'F'],1
['A', 'A', 'A', 'A', 'D'],['G', 'G', 'A', 'A', 'D'],0
['A', 'A', 'A', 'A'],['A', 'E', 'A', 'A'],0
['A', 'A', 'A', 'A'],['A', 'G', 'C', 'C'],0
['C', 'E', 'A', 'C', 'D', 'G', 'A', 'A'],['C', 'C', 'A', 'A', 'D', 'G', 'A', 'A'],0
['A', 'A', 'A', 'A'],['D', 'E', 'E', 'A'],0
['A', 'B', 'A', 'A', 'D', 'D', 'B', 'B'],['A', 'A', 'A', 'A', 'D', 'D', 'B', 'B'],0
['E', 'E', 'A', 'A', 'E', 'E', 'D'],['E', 'E', 'A', 'A', 'D', 'D', 'D'],0
['G', 'A', 'G', 'G', 'C', 'C', 'A', 'A'],['G', 'G', 'G', 'G', 'C', 'C', 'A', 'A'],0
['D', 'D', 'G', 'G', 'C', 'C', 'C'],['D', 'D', 'G', 'G', 'C', 'C', 'C'],1
['F', 'D', 'D', 'E', 'E', 'A', 'A'],['F', 'D', 'D', 'E', 'E', 'A', 'A'],1
['B', 'E', 'E', 'A', 'A', 'A'],['B', 'E', 'E', 'A', 'A', 'A'],1
['F'],['F'],1
['B', 'A', 'E', 'F', 'G', 'F', 'A'],['B', 'E', 'E', 'F', 'F', 'F', 'F'],0
['A', 'A', 'A', 'A', 'E'],['B', 'C', 'F', 'F', 'F'],0
['F', 'A', 'F', 'C', 'C', 'C', 'A', 'A'],['F', 'F', 'F', 'F', 'C', 'C', 'A', 'A'],0
['A', 'A', 'A', 'A', 'E'],['B', 'B', 'B', 'C', 'C'],0
['D', 'C', 'F', 'F', 'F', 'B', 'B'],['D', 'C', 'F', 'F', 'F', 'B', 'B'],1
['A', 'A'],['C', 'A'],0
['A', 'A', 'A', 'A', 'E'],['D', 'C', 'F', 'F', 'D'],0
['G', 'G', 'G', 'G', 'D', 'D', 'B'],['G', 'G', 'G', 'G', 'D', 'D', 'D'],0
['F', 'G', 'F', 'B', 'C', 'C', 'F', 'C'],['F', 'F', 'F', 'F', 'C', 'C', 'F', 'F'],0
['D', 'F', 'G', 'B', 'C', 'C'],['D', 'D', 'G', 'G', 'C', 'C'],0
['F', 'F', 'G', 'E', 'F', 'F', 'G', 'D', 'B'],['F', 'F', 'G', 'G', 'F', 'F', 'B', 'B', 'B'],0
['A', 'A', 'A', 'A', 'E'],['F', 'F', 'C', 'C', 'F'],0
['G'],['G'],1
['D', 'D', 'D', 'D', 'G', 'A', 'G'],['D', 'D', 'D', 'D', 'G', 'G', 'G'],0
['C', 'C', 'D', 'D', 'G', 'D'],['C', 'C', 'D', 'D', 'G', 'D'],1
['E', 'C', 'D', 'E', 'E', 'A'],['E', 'E', 'D', 'E', 'E', 'A'],0
['A', 'A', 'A'],['D', 'D', 'D'],0
['A', 'A', 'A', 'A', 'D'],['G', 'D', 'G', 'E', 'E'],0
['A', 'A', 'A', 'A', 'D'],['G', 'A', 'A', 'D', 'B'],0
['C', 'F', 'G', 'G', 'D', 'D', 'D'],['C', 'F', 'G', 'G', 'D', 'D', 'D'],1
['E', 'G', 'E', 'A', 'B', 'G'],['E', 'E', 'E', 'E', 'B', 'G'],0
['C', 'C', 'E', 'A', 'G', 'D', 'D'],['C', 'C', 'E', 'E', 'G', 'D', 'D'],0
['G'],['G'],1
['E'],['E'],1
['A', 'E', 'F', 'D', 'E', 'E'],['A', 'A', 'D', 'D', 'E', 'E'],0
['A', 'A', 'A', 'A', 'B'],['A', 'D', 'D', 'E', 'E'],0
['A', 'E', 'F', 'B', 'C', 'C'],['A', 'E', 'F', 'F', 'C', 'C'],0
['A', 'A', 'A', 'A'],['D', 'G', 'G', 'C'],0
['G', 'F', 'A', 'G', 'G', 'C', 'A'],['G', 'F', 'F', 'G', 'G', 'C', 'C'],0
['A', 'A', 'A', 'A'],['E', 'E', 'A', 'E'],0
['F', 'D', 'E', 'C', 'A', 'C', 'D', 'E'],['F', 'F', 'E', 'E', 'A', 'A', 'D', 'D'],0
['A', 'A', 'A', 'A'],['D', 'E', 'E', 'A'],0
['A', 'A', 'A', 'A'],['G', 'D', 'G', 'D'],0
['E', 'C', 'D', 'D', 'A', 'A', 'D'],['E', 'C', 'D', 'D', 'A', 'A', 'D'],1
['A', 'A', 'A', 'A', 'D'],['E', 'D', 'G', 'G', 'C'],0
['A', 'A', 'A', 'A', 'D'],['G', 'G', 'D', 'D', 'G'],0
['G', 'F', 'A', 'B', 'E', 'G', 'A', 'A'],['G', 'F', 'F', 'B', 'E', 'E', 'A', 'A'],0
['A', 'A', 'A', 'A'],['E', 'E', 'A', 'B'],0
['G', 'B', 'G', 'C', 'C', 'D'],['G', 'G', 'G', 'C', 'C', 'D'],0
['A', 'A', 'A', 'A', 'D'],['C', 'C', 'G', 'G', 'D'],0
['G', 'C', 'G', 'A', 'F', 'G', 'B'],['G', 'G', 'G', 'A', 'A', 'G', 'G'],0
['C', 'E', 'F', 'G', 'A', 'B'],['C', 'C', 'F', 'G', 'G', 'B'],0
['A', 'A', 'A', 'A'],['E', 'E', 'E', 'G'],0
['A', 'F', 'C', 'D', 'F', 'G', 'G'],['A', 'A', 'C', 'D', 'D', 'G', 'G'],0
['A', 'A', 'A', 'A'],['D', 'D', 'D', 'G'],0
['A', 'A'],['F', 'F'],0
['D', 'B', 'C', 'C', 'F', 'B', 'C', 'A'],['B', 'B', 'C', 'C', 'F', 'F', 'C', 'C'],0
['B', 'C', 'F', 'F', 'G', 'E', 'G', 'C', 'C', 'C'],['B', 'C', 'F', 'F', 'G', 'G', 'G', 'C', 'C', 'C'],0
['A', 'A', 'A'],['F', 'F', 'F'],0
['B', 'C', 'F', 'F', 'G', 'C', 'D', 'B'],['B', 'C', 'F', 'F', 'G', 'C', 'B', 'B'],0
['C', 'C', 'F', 'F', 'C', 'A', 'F'],['C', 'C', 'F', 'F', 'C', 'A', 'A'],0
['G', 'C', 'D', 'A', 'G', 'G', 'C', 'C'],['G', 'C', 'D', 'D', 'G', 'G', 'C', 'C'],0
['F', 'D', 'F', 'G', 'G', 'C', 'F', 'F'],['F', 'F', 'F', 'G', 'G', 'C', 'F', 'F'],0
['G', 'E', 'F', 'F', 'C', 'C', 'C', 'D', 'B', 'B'],['G', 'G', 'F', 'F', 'C', 'C', 'C', 'D', 'B', 'B'],0
['F', 'F', 'C', 'C', 'C', 'F'],['F', 'F', 'C', 'C', 'C', 'F'],1
['G'],['G'],1
['C', 'C', 'D', 'D', 'E', 'C', 'G', 'C'],['C', 'C', 'D', 'D', 'E', 'E', 'G', 'G'],0
['A', 'A', 'A', 'A'],['D', 'G', 'G', 'C'],0
['A', 'A'],['D', 'G'],0
['C', 'C', 'D', 'E', 'D', 'G', 'A', 'F'],['C', 'C', 'D', 'D', 'D', 'G', 'A', 'A'],0
['G', 'G', 'D', 'D', 'G', 'G'],['G', 'G', 'D', 'D', 'G', 'G'],1
['D', 'B', 'C', 'F', 'G', 'C', 'D', 'E'],['D', 'D', 'C', 'C', 'G', 'G', 'D', 'D'],0
['D', 'E', 'D', 'A', 'G', 'G', 'A', 'A'],['D', 'D', 'D', 'D', 'G', 'G', 'A', 'A'],0
['A', 'A', 'A'],['D', 'D', 'D'],0
['G', 'C', 'F', 'F', 'G', 'C', 'G', 'D'],['G', 'C', 'F', 'F', 'G', 'G', 'G', 'D'],0
['E', 'B', 'A', 'A', 'G', 'B', 'A'],['E', 'E', 'A', 'A', 'B', 'B', 'A'],0
['A', 'A', 'A'],['B', 'E', 'E'],0
['B', 'G', 'A', 'A', 'D', 'E', 'D', 'A'],['G', 'G', 'A', 'A', 'D', 'D', 'D', 'D'],0
['G', 'B', 'C', 'D', 'G', 'G'],['G', 'G', 'C', 'D', 'G', 'G'],0
['C', 'C', 'G', 'D', 'D', 'B', 'C', 'F'],['C', 'C', 'G', 'G', 'D', 'D', 'C', 'C'],0
['G', 'C', 'D', 'D', 'G', 'C', 'C'],['G', 'C', 'D', 'D', 'G', 'C', 'C'],1
['A', 'B', 'A', 'F', 'E', 'A', 'G', 'A'],['A', 'A', 'A', 'A', 'E', 'E', 'G', 'G'],0
['G', 'C', 'D', 'D', 'G', 'D', 'A', 'A'],['G', 'G', 'D', 'D', 'G', 'G', 'A', 'A'],0
['A', 'A', 'A'],['D', 'B', 'B'],0
['E', 'C', 'B', 'F', 'G', 'A', 'G', 'A', 'D'],['E', 'C', 'D', 'D', 'G', 'G', 'G', 'G', 'G'],0
['E', 'E', 'A', 'A', 'E', 'B', 'A', 'B'],['E', 'E', 'A', 'A', 'E', 'E', 'A', 'A'],0
['A', 'A', 'A', 'A', 'D'],['A', 'A', 'D', 'G', 'D'],0
['G', 'G', 'G', 'C', 'C', 'C', 'C'],['G', 'G', 'G', 'C', 'C', 'C', 'C'],1
['G', 'D', 'B', 'D', 'G', 'B', 'E', 'E'],['G', 'D', 'D', 'D', 'G', 'G', 'E', 'E'],0
['A', 'A', 'D', 'D', 'D', 'G'],['A', 'A', 'D', 'D', 'D', 'G'],1
['A'],['A'],1
['A', 'A', 'A', 'A'],['A', 'E', 'A', 'D'],0
['G', 'G', 'G', 'F', 'G', 'E'],['G', 'G', 'G', 'F', 'G', 'E'],1
['A', 'C', 'F', 'A', 'B', 'E', 'E'],['A', 'A', 'F', 'F', 'B', 'E', 'E'],0
['A', 'A'],['A', 'A'],1
['B', 'G', 'A', 'B', 'E', 'F', 'D'],['G', 'G', 'A', 'B', 'E', 'D', 'D'],0
['A', 'A'],['E', 'E'],0
['A', 'G', 'C', 'E', 'A', 'A'],['A', 'G', 'C', 'C', 'A', 'A'],0
['D', 'A', 'D', 'D', 'G', 'G'],['D', 'D', 'D', 'D', 'G', 'G'],0
['C', 'D', 'B', 'C', 'C', 'A', 'A'],['C', 'D', 'D', 'C', 'C', 'A', 'A'],0
['B', 'D', 'D', 'A', 'G', 'E'],['G', 'G', 'D', 'D', 'G', 'E'],0
['A', 'E', 'F', 'A', 'B', 'E', 'E'],['A', 'E', 'F', 'F', 'B', 'E', 'E'],0
['A'],['A'],1
['A', 'A', 'B'],['B', 'B', 'F'],0
['A', 'A', 'B', 'B'],['B', 'F', 'G', 'G'],0
['A', 'A', 'B', 'B', 'F'],['F', 'F', 'F', 'F', 'F'],0
['A', 'A', 'B', 'B', 'F'],['B', 'A', 'A', 'B', 'B'],0
['A', 'A', 'B'],['F', 'F', 'B'],0
['A', 'A', 'B', 'B', 'F'],['B', 'A', 'A', 'B', 'B'],0
['E'],['E'],1
['A', 'A', 'B', 'B', 'F'],['B', 'E', 'E', 'F', 'F'],0
['A', 'A', 'B', 'B', 'F'],['D', 'B', 'B', 'E', 'E'],0
['F'],['F'],1
['A', 'A', 'B', 'B'],['B', 'C', 'C', 'F'],0
['A', 'A', 'B', 'B'],['G', 'F', 'B', 'B'],0
['A', 'A', 'B', 'B'],['B', 'F', 'F', 'B'],0
['D'],['D'],1
['G', 'D', 'G', 'A', 'D', 'D'],['G', 'D', 'G', 'A', 'D', 'D'],1
['A', 'A', 'A', 'A'],['E', 'A', 'D', 'A'],0
['B', 'D', 'B', 'B', 'F', 'B', 'F', 'F'],['B', 'B', 'B', 'B', 'F', 'F', 'F', 'F'],0
['A', 'A', 'A'],['B', 'B', 'B'],0
['C', 'E', 'F', 'F', 'G', 'B', 'C', 'A'],['C', 'C', 'F', 'F', 'G', 'G', 'C', 'C'],0
['A', 'A', 'A', 'A', 'D'],['G', 'D', 'D', 'D', 'D'],0
['G', 'D', 'D', 'E', 'G', 'E', 'E'],['G', 'D', 'D', 'E', 'E', 'E', 'E'],0
['A', 'A'],['B', 'E'],0
['A', 'A', 'A', 'C', 'D', 'G', 'A', 'A'],['A', 'A', 'A', 'A', 'D', 'D', 'A', 'A'],0
['B', 'B', 'E', 'A', 'D', 'D'],['B', 'B', 'E', 'A', 'D', 'D'],1
['G', 'G', 'D', 'E', 'A', 'A'],['G', 'G', 'D', 'E', 'A', 'A'],1
['D'],['D'],1
['B'],['B'],1
['E', 'A', 'B', 'F', 'F', 'G'],['E', 'E', 'B', 'F', 'F', 'G'],0
['A', 'A', 'B', 'B', 'F'],['A', 'D', 'D', 'E', 'G'],0
['C', 'F', 'F', 'B', 'B', 'F', 'F'],['C', 'F', 'F', 'B', 'B', 'F', 'F'],1
['A', 'A', 'B'],['B', 'B', 'B'],0
['B', 'B', 'G', 'D', 'E', 'E', 'C', 'E'],['B', 'B', 'G', 'G', 'E', 'E', 'C', 'C'],0
['A', 'A', 'B', 'B', 'F'],['F', 'B', 'B', 'F', 'F'],0
['B', 'B', 'B', 'B', 'F', 'F', 'G', 'G'],['B', 'B', 'B', 'B', 'F', 'F', 'G', 'G'],1
['A', 'A', 'B', 'B', 'F'],['A', 'A', 'D', 'G', 'G'],0
['C', 'E', 'F', 'F', 'B', 'E', 'F', 'F'],['C', 'C', 'F', 'F', 'B', 'B', 'F', 'F'],0
['B'],['B'],1
['C'],['C'],1
['G', 'C', 'F', 'D', 'C', 'D'],['G', 'C', 'F', 'F', 'C', 'D'],0
['A', 'A', 'A', 'F', 'E'],['C', 'G', 'G', 'C', 'C'],0
['E', 'E', 'B', 'B', 'B', 'E', 'B'],['E', 'E', 'B', 'B', 'B', 'E', 'E'],0
['A', 'A', 'F', 'D', 'G', 'C', 'A'],['A', 'A', 'F', 'F', 'G', 'C', 'C'],0
['G', 'F', 'D', 'E', 'D', 'G'],['G', 'F', 'F', 'C', 'D', 'G'],0
['A', 'A', 'A', 'F', 'E'],['A', 'A', 'G', 'C', 'F'],0
['A', 'A', 'A', 'F', 'E'],['B', 'F', 'G', 'A', 'D'],0
['E', 'C', 'D', 'B', 'G', 'F', 'F'],['C', 'C', 'D', 'D', 'G', 'F', 'F'],0
['B', 'A', 'B', 'B', 'C', 'E'],['B', 'A', 'B', 'B', 'C', 'C'],0
['A', 'A', 'A', 'F', 'E'],['A', 'B', 'B', 'E', 'C'],0
['F', 'E', 'G', 'A', 'C', 'D', 'F'],['F', 'G', 'G', 'A', 'A', 'F', 'F'],0
['A', 'A', 'A', 'F', 'E'],['C', 'C', 'G', 'G', 'C'],0
['A'],['A'],1
['D', 'D', 'G', 'A', 'B', 'A', 'C'],['D', 'D', 'G', 'A', 'A', 'A', 'A'],0
['A', 'A', 'A', 'A', 'B'],['D', 'E', 'A', 'F', 'F'],0
['A', 'E', 'A', 'E', 'E', 'B', 'C'],['A', 'A', 'A', 'A', 'E', 'E', 'C'],0
['F', 'F', 'D', 'E', 'E', 'B'],['D', 'D', 'D', 'E', 'E', 'E'],0
['A', 'B', 'G', 'A', 'B', 'A', 'A'],['A', 'B', 'B', 'A', 'A', 'A', 'A'],0
['A', 'A'],['E', 'C'],0
['F', 'D', 'C', 'E', 'A', 'B', 'F'],['F', 'F', 'E', 'E', 'A', 'A', 'F'],0
['B', 'C', 'B', 'E', 'F', 'F', 'D'],['B', 'B', 'B', 'B', 'F', 'F', 'F'],0
['E', 'E', 'A', 'A', 'B', 'G', 'G', 'C'],['E', 'E', 'A', 'A', 'B', 'B', 'C', 'C'],0
['F', 'A', 'F', 'F', 'C', 'C'],['F', 'F', 'F', 'F', 'C', 'C'],0
['F', 'D', 'C', 'G', 'A', 'A', 'D', 'E'],['F', 'D', 'C', 'G', 'A', 'A', 'D', 'D'],0
['A', 'A', 'A', 'A', 'B'],['D', 'E', 'E', 'E', 'A'],0
['A', 'A'],['G', 'G'],0
['G', 'E', 'B', 'B', 'E', 'A', 'C'],['G', 'E', 'B', 'B', 'E', 'A', 'A'],0
['D', 'C', 'D', 'G', 'A', 'A', 'A', 'F'],['D', 'D', 'D', 'G', 'A', 'A', 'A', 'A'],0
['G', 'G', 'D', 'A', 'D', 'A'],['G', 'G', 'D', 'D', 'D', 'D'],0
['G', 'B', 'C', 'C', 'D', 'D', 'E', 'G'],['G', 'G', 'C', 'C', 'D', 'D', 'E', 'G'],0
['A', 'F', 'A', 'D', 'D', 'D', 'G', 'A'],['A', 'A', 'A', 'D', 'D', 'D', 'G', 'A'],0
['D', 'A', 'D', 'A', 'D', 'B', 'B'],['D', 'A', 'D', 'A', 'D', 'B', 'B'],1
['E', 'G', 'E', 'E', 'A', 'D', 'E', 'C'],['E', 'E', 'E', 'E', 'D', 'D', 'E', 'C'],0
['F', 'D', 'F', 'F', 'B', 'B', 'B'],['F', 'F', 'F', 'F', 'B', 'B', 'B'],0
['E', 'G', 'C', 'G', 'A', 'F', 'A', 'F', 'D', 'D'],['E', 'G', 'C', 'G', 'A', 'A', 'A', 'F', 'D', 'D'],0
['G', 'E', 'G', 'C', 'F', 'A', 'D', 'D', 'G', 'E'],['G', 'G', 'G', 'C', 'F', 'F', 'D', 'D', 'G', 'E'],0
['A', 'A', 'D', 'D', 'D', 'G'],['A', 'A', 'D', 'D', 'D', 'G'],1
['G'],['G'],1
['G', 'D', 'G', 'G', 'D', 'D'],['G', 'D', 'G', 'G', 'D', 'D'],1
['G', 'G', 'C', 'D', 'A', 'A'],['G', 'G', 'C', 'D', 'A', 'A'],1
['D', 'D', 'G', 'G', 'A', 'B', 'E', 'D'],['D', 'D', 'G', 'G', 'A', 'B', 'E', 'D'],1
['G', 'G', 'D', 'D', 'G', 'D'],['G', 'G', 'D', 'D', 'G', 'D'],1
['G', 'G', 'G', 'G', 'D', 'E', 'D', 'B'],['G', 'G', 'G', 'G', 'D', 'D', 'D', 'D'],0
['E', 'E', 'A', 'A', 'D', 'G', 'G'],['E', 'E', 'A', 'A', 'D', 'G', 'G'],1
['C', 'F', 'G', 'G', 'A', 'B', 'E', 'E'],['C', 'C', 'G', 'G', 'A', 'B', 'E', 'E'],0
['A', 'A', 'A', 'A'],['G', 'G', 'D', 'G'],0
['A', 'A'],['A', 'A'],1
['A', 'A', 'E', 'E', 'A', 'F', 'G'],['A', 'A', 'E', 'E', 'A', 'A', 'G'],0
['A', 'A', 'B', 'B', 'E', 'F'],['A', 'A', 'B', 'B', 'E', 'E'],0
['A', 'A', 'A', 'A', 'B'],['E', 'E', 'A', 'B', 'B'],0
['E', 'A', 'D', 'B', 'A', 'B', 'E', 'C', 'E'],['E', 'A', 'D', 'D', 'A', 'B', 'E', 'E', 'E'],0
['A', 'A'],['A', 'E'],0
['A', 'G', 'C', 'C', 'A', 'A'],['A', 'G', 'C', 'C', 'A', 'A'],1
['D', 'A', 'D', 'G', 'G', 'C', 'A'],['D', 'D', 'D', 'G', 'G', 'C', 'A'],0
['D', 'E', 'F', 'F', 'G', 'G', 'A', 'B'],['D', 'E', 'F', 'F', 'G', 'G', 'A', 'A'],0
['A', 'A', 'A', 'A', 'B'],['D', 'D', 'E', 'E', 'A'],0
['D', 'B', 'G', 'D', 'G', 'G'],['D', 'B', 'B', 'D', 'G', 'G'],0
['A', 'D', 'A', 'A', 'D', 'D'],['A', 'A', 'A', 'A', 'D', 'D'],0
['D', 'D', 'D', 'E', 'C', 'D'],['D', 'D', 'D', 'E', 'E', 'D'],0
['E', 'E', 'A', 'A', 'A', 'D'],['E', 'E', 'A', 'A', 'A', 'D'],1
['A', 'A', 'D', 'D', 'F', 'A'],['A', 'A', 'D', 'D', 'F', 'F'],0
['A', 'A', 'A', 'A', 'D'],['B', 'E', 'E', 'A', 'A'],0
['E', 'E', 'E', 'A', 'B', 'B', 'B', 'B'],['E', 'E', 'E', 'E', 'B', 'B', 'B', 'B'],0
['A', 'A', 'A', 'A', 'D'],['F', 'F', 'F', 'B', 'B'],0
['A', 'A', 'A', 'A', 'D'],['D', 'D', 'G', 'G', 'A'],0
['A', 'A', 'A', 'A', 'D'],['B', 'B', 'E', 'E', 'A'],0
['G', 'D', 'D', 'E', 'C', 'D'],['G', 'D', 'D', 'E', 'E', 'D'],0
['E', 'E', 'A', 'A', 'A', 'D'],['E', 'E', 'A', 'A', 'A', 'D'],1
['A', 'A'],['F', 'F'],0
['F', 'G', 'A', 'C', 'F', 'F', 'C', 'C'],['F', 'F', 'A', 'C', 'F', 'F', 'C', 'C'],0
['A', 'A', 'A', 'A', 'E'],['F', 'F', 'G', 'C', 'C'],0
['F', 'F', 'C', 'A', 'B', 'G', 'G', 'C', 'C'],['F', 'F', 'C', 'A', 'B', 'G', 'G', 'C', 'C'],1
['F', 'F', 'C', 'C', 'F', 'F'],['F', 'F', 'C', 'C', 'F', 'F'],1
['B', 'B', 'D', 'E', 'F', 'A', 'F', 'F'],['B', 'B', 'B', 'B', 'F', 'F', 'F', 'F'],0
['G', 'G', 'B', 'G', 'G', 'D', 'D', 'D'],['G', 'G', 'G', 'G', 'G', 'D', 'D', 'D'],0
['A', 'A', 'B', 'E', 'F', 'C', 'D', 'D'],['A', 'A', 'B', 'B', 'F', 'F', 'D', 'D'],0
['G', 'G', 'G', 'C', 'C', 'F'],['G', 'G', 'C', 'C', 'C', 'F'],0
['A', 'A'],['G', 'G'],0
['E', 'E', 'C', 'C', 'A', 'F', 'G', 'G'],['E', 'E', 'C', 'C', 'A', 'A', 'G', 'G'],0
['C', 'C', 'A', 'D', 'D', 'G'],['C', 'C', 'D', 'D', 'D', 'G'],0
['D', 'A', 'B', 'C', 'A', 'D', 'B', 'D'],['D', 'A', 'B', 'A', 'A', 'D', 'D', 'D'],0
['E', 'E', 'D', 'D', 'G', 'G'],['E', 'E', 'D', 'D', 'G', 'G'],1
['D', 'D', 'G', 'D', 'E', 'C', 'B', 'D'],['D', 'D', 'G', 'D', 'E', 'E', 'D', 'D'],0
['G', 'G', 'C', 'D', 'D', 'D'],['G', 'G', 'C', 'D', 'D', 'D'],1
['G', 'A', 'G', 'G', 'C', 'C', 'D', 'D'],['G', 'G', 'G', 'G', 'C', 'C', 'D', 'D'],0
['G', 'G', 'D', 'D', 'D', 'G'],['G', 'G', 'D', 'D', 'D', 'G'],1
['C', 'C', 'F', 'G', 'G', 'C', 'F', 'A'],['C', 'C', 'F', 'G', 'G', 'C', 'A', 'A'],0
['D', 'B', 'A', 'F', 'A', 'D'],['D', 'D', 'A', 'A', 'A', 'D'],0
['E', 'E', 'C', 'C', 'A', 'F', 'G', 'G'],['E', 'E', 'C', 'C', 'A', 'F', 'G', 'G'],1
['C', 'C', 'A', 'D', 'D', 'G'],['C', 'C', 'D', 'D', 'D', 'G'],0
['D', 'E', 'D', 'A', 'A', 'A', 'D'],['D', 'D', 'D', 'D', 'A', 'A', 'D'],0
['E', 'B', 'A', 'A', 'A', 'D', 'G'],['E', 'E', 'A', 'A', 'A', 'D', 'G'],0
['C', 'C', 'C', 'A', 'D', 'D'],['C', 'C', 'C', 'A', 'D', 'D'],1
['A', 'A', 'A', 'A', 'D'],['G', 'G', 'D', 'D', 'G'],0
['A', 'A'],['B', 'B'],0
['G', 'G', 'G', 'G', 'D', 'B'],['G', 'G', 'G', 'G', 'B', 'B'],0
['E', 'E', 'E', 'E', 'B', 'B'],['E', 'E', 'E', 'E', 'B', 'B'],1
['G', 'B', 'C', 'G', 'F', 'F'],['G', 'G', 'C', 'C', 'F', 'F'],0
['A', 'A'],['B', 'D'],0
['G', 'G', 'G', 'G', 'E', 'G'],['G', 'G', 'G', 'G', 'G', 'G'],0
['C', 'C', 'F', 'F', 'B', 'B'],['E', 'E', 'F', 'F', 'B', 'B'],0
['C', 'F', 'B', 'B', 'B', 'B'],['F', 'F', 'B', 'B', 'B', 'B'],0
['A', 'A'],['F', 'G'],0
['F', 'F', 'C', 'F', 'B', 'G'],['F', 'F', 'F', 'F', 'G', 'G'],0
['C', 'G', 'F', 'F', 'G', 'B'],['C', 'C', 'F', 'F', 'G', 'G'],0
['E', 'G', 'A', 'A', 'D', 'D'],['E', 'E', 'A', 'A', 'D', 'D'],0
['A', 'A'],['G', 'F'],0
['B', 'D', 'B', 'D', 'G', 'G'],['B', 'B', 'B', 'B', 'G', 'G'],0
['F', 'F', 'F', 'F', 'D', 'F'],['F', 'F', 'F', 'F', 'D', 'D'],0
['B', 'B', 'C', 'C', 'F', 'F'],['B', 'B', 'C', 'C', 'F', 'F'],1
['B'],['B'],1
['A', 'A'],['F', 'F'],0
['F', 'D', 'F', 'C', 'B', 'B', 'C', 'C', 'F', 'C'],['F', 'F', 'F', 'B', 'B', 'B', 'C', 'C', 'F', 'F'],0
['A', 'A', 'A', 'A', 'E'],['D', 'G', 'G', 'C', 'A'],0
['D', 'D', 'E', 'C', 'F', 'D', 'F', 'B', 'B'],['D', 'D', 'C', 'C', 'F', 'F', 'F', 'B', 'B'],0
['F', 'A', 'A', 'C', 'C', 'C', 'F', 'F'],['F', 'F', 'F', 'C', 'C', 'C', 'F', 'F'],0
['F', 'F', 'D', 'D', 'G', 'A'],['F', 'F', 'D', 'D', 'G', 'A'],1
['D', 'C', 'D', 'G', 'G', 'C', 'F'],['D', 'C', 'D', 'G', 'G', 'C', 'F'],1
['B', 'E', 'F', 'G', 'F', 'C', 'C', 'F', 'B'],['B', 'E', 'F', 'F', 'F', 'C', 'C', 'F', 'B'],0
['F', 'F', 'G', 'G', 'D', 'D', 'G', 'G'],['F', 'F', 'A', 'A', 'D', 'D', 'G', 'G'],0
['C', 'C', 'D', 'D', 'E', 'C', 'F', 'F', 'F'],['C', 'C', 'D', 'D', 'C', 'C', 'F', 'F', 'F'],0
['F', 'F', 'F', 'D', 'F', 'G', 'C', 'C'],['F', 'F', 'F', 'D', 'D', 'G', 'C', 'C'],0
['F'],['F'],1
['F'],['F'],1
['F', 'F', 'D', 'E', 'D', 'B'],['F', 'F', 'F', 'E', 'D', 'D'],0
['A', 'A', 'A', 'A', 'E'],['C', 'C', 'C', 'C', 'C'],0
['A', 'A', 'A', 'A', 'E'],['F', 'F', 'F', 'F', 'B'],0
['A', 'A', 'A'],['C', 'C', 'C'],0
['F', 'F', 'D', 'E', 'D', 'B'],['F', 'F', 'D', 'D', 'D', 'D'],0
['C', 'D', 'C', 'F', 'G', 'G'],['C', 'C', 'C', 'F', 'G', 'G'],0
['D', 'D', 'D', 'D', 'F', 'G', 'E', 'G'],['D', 'D', 'D', 'D', 'D', 'E', 'E', 'E'],0
['A', 'A'],['A', 'D'],0
['A', 'A', 'A', 'C', 'G', 'C'],['A', 'A', 'A', 'A', 'C', 'C'],0
['F', 'F', 'D', 'F', 'E', 'C'],['F', 'F', 'D', 'D', 'C', 'C'],0
['D', 'D', 'B', 'B', 'C', 'C'],['D', 'D', 'B', 'B', 'C', 'C'],1
['A', 'A', 'A'],['D', 'D', 'D'],0
['G', 'G', 'C', 'F', 'G', 'E'],['G', 'G', 'C', 'F', 'G', 'G'],0
['F', 'G', 'F', 'F', 'C', 'C'],['F', 'F', 'F', 'F', 'C', 'C'],0
['D', 'F', 'B', 'B', 'C', 'C'],['D', 'D', 'B', 'B', 'C', 'C'],0
['F'],['F'],1
['A'],['A'],1
['A', 'A', 'E', 'A', 'F', 'D'],['A', 'A', 'E', 'A', 'D', 'D'],0
['A', 'A', 'A', 'A', 'B'],['G', 'G', 'A', 'D', 'A'],0
['E', 'E', 'F', 'A', 'D', 'D', 'D', 'G'],['E', 'E', 'F', 'F', 'D', 'D', 'D', 'D'],0
['A', 'A', 'A', 'A', 'E', 'A', 'E', 'E'],['A', 'A', 'A', 'A', 'E', 'E', 'E', 'E'],0
['A', 'A'],['A', 'A'],1
['E', 'E', 'C', 'F', 'F', 'B', 'B'],['E', 'E', 'C', 'F', 'F', 'B', 'B'],1
['A', 'A', 'A', 'A', 'B'],['E', 'D', 'D', 'E', 'C'],0
['F', 'A', 'D', 'D', 'A', 'B', 'F', 'G'],['F', 'F', 'D', 'D', 'A', 'A', 'F', 'G'],0
['F', 'A', 'A', 'E', 'A', 'E', 'E'],['F', 'A', 'A', 'E', 'E', 'E', 'E'],0
['A'],['A'],1
['A', 'A'],['G', 'G'],0
['G', 'G', 'D', 'D', 'G', 'A', 'F'],['G', 'G', 'D', 'D', 'G', 'F', 'F'],0
['G', 'G', 'D', 'D', 'D', 'G', 'E', 'C'],['G', 'G', 'D', 'D', 'D', 'G', 'E', 'E'],0
['D', 'G', 'A', 'F', 'G', 'C', 'D', 'D', 'B'],['D', 'G', 'A', 'A', 'G', 'G', 'D', 'D', 'D'],0
['C', 'C', 'F', 'G', 'G', 'G'],['C', 'C', 'F', 'G', 'G', 'G'],1
['C', 'D', 'G', 'G', 'G', 'A', 'A', 'A', 'D', 'B'],['C', 'D', 'G', 'G', 'G', 'A', 'A', 'A', 'D', 'B'],1
['E', 'E', 'A', 'F', 'A', 'D', 'G'],['E', 'E', 'A', 'A', 'A', 'D', 'G'],0
['C', 'C', 'E', 'C', 'C', 'D', 'D', 'E', 'F'],['C', 'C', 'C', 'C', 'C', 'D', 'D', 'E', 'F'],0
['G', 'A', 'G', 'D', 'D', 'E', 'E'],['G', 'G', 'G', 'D', 'D', 'E', 'E'],0
['F', 'D', 'F', 'G', 'B', 'E', 'E', 'A', 'F'],['D', 'D', 'D', 'G', 'G', 'E', 'E', 'A', 'A'],0
['G', 'G', 'D', 'D', 'D', 'G'],['G', 'G', 'D', 'D', 'D', 'G'],1
['A', 'A'],['G', 'G'],0
['F', 'C', 'C', 'D', 'D', 'D', 'E', 'C', 'E'],['F', 'C', 'C', 'D', 'D', 'D', 'E', 'E', 'E'],0
['A', 'F', 'G', 'G', 'C', 'F', 'D'],['A', 'F', 'G', 'G', 'C', 'F', 'F'],0
['E', 'C', 'B', 'C', 'D', 'G'],['E', 'E', 'B', 'C', 'G', 'G'],0
['C', 'C', 'C', 'C', 'F', 'G', 'G'],['C', 'C', 'C', 'C', 'F', 'G', 'G'],1
['C', 'G', 'C', 'F', 'F', 'C', 'C'],['C', 'C', 'C', 'F', 'F', 'C', 'C'],0
['A', 'A', 'A', 'A', 'D'],['G', 'G', 'C', 'D', 'E'],0
['A', 'B', 'A', 'D', 'B', 'B', 'F'],['A', 'A', 'A', 'D', 'B', 'B', 'F'],0
['A', 'A', 'A', 'A', 'D'],['G', 'C', 'C', 'G', 'G'],0
['A'],['A'],1
['A', 'A', 'A', 'A'],['A', 'E', 'A', 'D'],0
['A', 'A', 'A', 'A', 'B'],['G', 'G', 'B', 'E', 'C'],0
['F', 'D', 'E', 'E', 'E', 'E'],['F', 'D', 'E', 'E', 'E', 'E'],1
['A', 'A'],['A', 'A'],1
['A', 'A', 'A', 'A'],['D', 'D', 'C', 'G'],0
['A', 'A'],['C', 'G'],0
['C', 'D', 'B', 'C', 'C', 'A', 'A'],['C', 'B', 'B', 'C', 'C', 'A', 'A'],0
['D', 'D', 'B', 'D', 'G', 'G'],['D', 'D', 'D', 'D', 'G', 'G'],0
['A', 'A', 'A', 'A', 'B'],['C', 'C', 'F', 'F', 'F'],0
['A', 'A', 'A', 'A', 'B'],['B', 'B', 'D', 'E', 'G'],0
['C', 'D', 'B', 'A', 'E', 'A', 'E'],['C', 'D', 'D', 'A', 'A', 'A', 'E'],0
['A'],['A'],1
['C', 'G', 'A', 'F', 'G', 'G'],['C', 'G', 'F', 'F', 'G', 'G'],0
['C', 'C', 'F', 'F', 'C', 'C', 'C', 'C'],['C', 'C', 'F', 'F', 'C', 'C', 'C', 'C'],1
['A', 'F', 'G', 'A', 'D', 'D'],['A', 'F', 'G', 'A', 'D', 'D'],1
['A', 'A', 'A', 'F', 'E'],['G', 'G', 'G', 'F', 'D'],0
['G', 'G', 'A', 'C', 'B', 'G', 'D', 'D', 'D'],['G', 'G', 'C', 'C', 'G', 'G', 'D', 'D', 'D'],0
['A', 'A', 'A', 'F', 'E'],['G', 'C', 'C', 'C', 'C'],0
['C', 'G', 'C', 'G', 'G', 'C', 'C', 'C', 'C'],['C', 'C', 'C', 'G', 'G', 'C', 'C', 'C', 'C'],0
['F', 'F', 'F', 'C', 'D', 'E', 'D', 'E'],['F', 'F', 'F', 'F', 'D', 'D', 'D', 'D'],0
['A', 'A', 'A', 'F', 'E'],['F', 'F', 'D', 'C', 'F'],0
['C', 'C', 'A', 'F', 'G', 'G', 'A', 'D', 'D'],['C', 'C', 'A', 'F', 'G', 'G', 'A', 'D', 'D'],1
['A', 'A', 'A', 'F', 'E'],['E', 'G', 'G', 'F', 'F'],0
['B', 'B', 'E', 'B', 'C', 'C', 'F', 'F'],['B', 'B', 'E', 'B', 'C', 'C', 'F', 'F'],1
['A', 'A', 'A', 'F'],['B', 'B', 'F', 'F'],0
['B', 'B', 'A', 'D', 'G', 'G', 'C', 'C'],['B', 'B', 'A', 'D', 'G', 'G', 'C', 'C'],1
['A', 'A', 'A', 'F', 'E'],['F', 'F', 'G', 'G', 'C'],0
['E'],['E'],1
['A', 'A', 'F', 'F', 'F', 'G', 'G', 'C', 'C', 'C'],['A', 'A', 'F', 'F', 'F', 'G', 'G', 'C', 'C', 'C'],1
['C', 'C', 'F', 'D', 'G', 'G'],['C', 'C', 'D', 'D', 'G', 'G'],0
['A', 'B', 'E', 'E', 'F', 'G', 'C', 'D'],['A', 'B', 'E', 'E', 'F', 'G', 'C', 'C'],0
['C', 'G', 'F', 'B', 'F', 'F'],['C', 'C', 'F', 'B', 'F', 'F'],0
['B', 'E', 'G', 'A', 'B', 'E', 'E', 'E', 'A', 'B'],['B', 'E', 'E', 'A', 'B', 'E', 'E', 'E', 'A', 'A'],0
['F', 'D', 'F', 'B', 'B', 'E', 'E', 'F'],['F', 'F', 'F', 'B', 'B', 'E', 'E', 'F'],0
['E', 'F', 'B', 'B', 'D', 'E'],['E', 'F', 'B', 'B', 'B', 'E'],0
['A', 'B', 'A', 'E', 'C', 'C'],['A', 'A', 'A', 'E', 'C', 'C'],0
['F', 'E', 'F', 'B', 'D', 'B'],['F', 'F', 'F', 'B', 'B', 'B'],0
['C', 'A', 'C', 'F', 'F', 'B', 'E', 'F'],['C', 'C', 'C', 'F', 'F', 'B', 'E', 'E'],0
['E', 'E', 'A', 'A', 'E', 'E', 'E', 'C'],['E', 'E', 'A', 'A', 'E', 'E', 'C', 'C'],0
['F', 'F', 'F', 'B', 'B', 'C', 'D'],['F', 'F', 'F', 'B', 'B', 'C', 'D'],1
['E', 'A', 'B', 'B', 'G', 'E'],['E', 'A', 'B', 'B', 'G', 'G'],0
['F', 'D', 'E', 'E', 'B', 'B', 'B'],['F', 'F', 'E', 'E', 'B', 'B', 'B'],0
['F', 'B', 'E', 'A', 'G', 'B'],['F', 'B', 'E', 'E', 'G', 'G'],0
['A', 'A', 'B', 'B'],['C', 'D', 'G', 'A'],0
['B', 'G', 'E', 'E', 'B', 'B', 'E', 'E'],['B', 'B', 'E', 'E', 'B', 'B', 'E', 'E'],0
['F', 'D', 'F', 'B', 'B', 'B', 'E'],['F', 'D', 'D', 'B', 'B', 'B', 'E'],0
['D', 'D', 'G', 'A', 'B', 'D'],['D', 'G', 'G', 'A', 'D', 'D'],0
['G', 'E', 'F', 'F', 'C', 'C', 'F', 'F'],['G', 'E', 'F', 'F', 'C', 'C', 'F', 'F'],1
['A', 'A', 'A', 'A', 'D'],['G', 'G', 'C', 'C', 'F'],0
['F', 'B', 'C', 'D', 'G', 'G', 'E', 'C'],['F', 'F', 'C', 'C', 'G', 'G', 'C', 'C'],0
['D', 'G', 'A', 'A', 'A', 'D', 'D'],['D', 'G', 'A', 'A', 'A', 'D', 'D'],1
['A', 'A', 'A', 'A', 'D'],['E', 'E', 'E', 'E', 'A'],0
['A', 'A', 'A'],['A', 'G', 'A'],0
['A', 'A', 'A'],['D', 'D', 'A'],0
['D', 'A', 'D', 'B', 'A', 'C'],['D', 'A', 'D', 'D', 'C', 'C'],0
['F', 'F', 'E', 'B', 'C', 'D', 'E'],['F', 'F', 'B', 'B', 'C', 'D', 'D'],0
['A', 'A', 'A', 'A', 'D'],['D', 'D', 'D', 'A', 'D'],0
['A', 'A', 'A'],['C', 'C', 'C'],0
['A', 'A', 'A'],['F', 'G', 'C'],0
['A', 'A', 'A'],['D', 'D', 'G'],0
['D'],['D'],1
['A', 'A', 'A'],['D', 'G', 'C'],0
['A', 'A'],['G', 'C'],0
['A', 'A', 'A', 'F'],['G', 'D', 'D', 'D'],0
['G'],['G'],1
['A', 'A', 'A'],['C', 'E', 'E'],0
['A', 'A', 'A'],['A', 'B', 'A'],0
['A', 'A', 'A'],['D', 'C', 'F'],0
['G'],['G'],1
['A', 'A', 'A'],['C', 'B', 'C'],0
['A', 'A', 'A'],['D', 'G', 'A'],0
['A', 'A', 'A'],['D', 'G', 'G'],0
['C'],['C'],1
['A', 'A'],['C', 'C'],0
['A', 'A', 'A', 'F'],['C', 'F', 'G', 'G'],0
['C', 'C', 'G', 'G', 'G', 'C', 'C'],['C', 'C', 'G', 'G', 'G', 'C', 'C'],1
['G', 'C', 'C', 'A', 'F', 'G'],['G', 'C', 'C', 'F', 'F', 'G'],0
['C', 'C', 'G', 'A', 'D', 'D', 'D'],['C', 'C', 'G', 'A', 'D', 'D', 'D'],1
['A', 'A'],['G', 'C'],0
['F', 'D', 'G', 'E', 'A', 'C'],['D', 'D', 'E', 'E', 'A', 'C'],0
['F', 'F', 'G', 'C', 'D', 'F', 'D', 'D'],['F', 'F', 'C', 'C', 'D', 'D', 'D', 'D'],0
['A', 'A', 'A'],['A', 'A', 'C'],0
['F', 'F', 'A', 'B', 'C', 'D', 'D'],['F', 'F', 'F', 'B', 'C', 'D', 'D'],0
['E', 'C', 'D', 'D', 'A', 'A', 'G'],['C', 'C', 'D', 'D', 'A', 'A', 'G'],0
['C', 'A', 'B', 'G', 'B', 'E', 'C', 'D'],['A', 'A', 'A', 'A', 'A', 'E', 'C', 'D'],0
['G', 'G', 'D', 'D', 'D', 'G', 'G'],['G', 'G', 'D', 'D', 'D', 'G', 'G'],1
['C', 'D', 'C', 'C', 'F', 'F', 'F', 'C', 'C', 'C'],['C', 'C', 'C', 'C', 'F', 'F', 'F', 'C', 'C', 'C'],0
['D', 'G', 'C', 'C', 'D', 'B', 'D', 'G', 'G'],['D', 'G', 'C', 'C', 'D', 'B', 'B', 'G', 'G'],0
['C'],['C'],1
['F'],['F'],1
['A', 'A', 'A', 'A', 'E'],['F', 'F', 'F', 'C', 'A'],0
['A', 'A', 'A', 'A', 'E'],['D', 'D', 'C', 'F', 'F'],0
['F', 'C', 'C', 'D', 'B', 'A', 'C'],['F', 'C', 'C', 'D', 'D', 'A', 'A'],0
['F', 'F', 'D', 'G', 'G', 'C', 'C'],['F', 'F', 'G', 'G', 'G', 'C', 'C'],0
['F', 'F', 'F', 'F', 'F', 'B', 'B', 'F', 'F'],['F', 'F', 'F', 'F', 'F', 'B', 'B', 'F', 'F'],1
['G', 'C', 'F', 'F', 'F', 'C', 'C', 'C'],['C', 'C', 'F', 'F', 'F', 'C', 'C', 'C'],0
['F', 'F', 'F', 'B', 'A', 'C'],['F', 'F', 'F', 'B', 'C', 'C'],0
['D', 'D', 'D', 'D', 'C', 'C', 'C', 'F'],['D', 'D', 'D', 'D', 'C', 'C', 'C', 'F'],1
['G'],['G'],1
['G', 'E', 'B', 'C', 'F', 'F', 'G', 'D'],['G', 'G', 'B', 'C', 'F', 'F', 'G', 'G'],0
['E', 'E', 'B', 'C', 'F', 'B', 'B', 'B'],['E', 'E', 'B', 'C', 'F', 'B', 'B', 'B'],1
['B', 'D', 'G', 'E', 'F', 'F', 'G', 'B'],['B', 'B', 'G', 'G', 'F', 'F', 'G', 'G'],0
['C', 'A', 'C', 'F', 'F', 'B', 'G', 'G'],['C', 'C', 'C', 'F', 'F', 'B', 'G', 'G'],0
['E', 'B', 'B', 'B', 'F', 'F', 'F', 'F', 'F'],['E', 'E', 'B', 'B', 'F', 'F', 'F', 'F', 'F'],0
['B', 'B', 'F', 'F', 'B', 'B'],['B', 'B', 'F', 'F', 'B', 'B'],1
['B', 'B', 'B', 'B', 'F', 'F', 'F', 'D', 'D'],['B', 'B', 'B', 'B', 'F', 'F', 'F', 'D', 'D'],1
['G', 'G', 'C', 'A', 'C', 'D', 'B', 'D'],['G', 'G', 'C', 'C', 'C', 'D', 'B', 'B'],0
['G', 'A', 'G', 'B', 'C', 'D'],['G', 'G', 'G', 'G', 'C', 'D'],0
['A', 'A', 'A', 'A', 'D'],['G', 'C', 'D', 'D', 'G'],0
['A', 'A'],['D', 'D'],0
['G', 'D', 'D', 'G', 'E', 'F', 'B'],['G', 'D', 'D', 'G', 'G', 'F', 'B'],0
['C', 'C', 'C', 'G', 'G', 'C', 'D'],['C', 'C', 'C', 'G', 'G', 'C', 'D'],1
['G', 'A', 'G', 'D', 'E', 'G', 'A', 'A'],['G', 'G', 'G', 'D', 'E', 'E', 'A', 'A'],0
['D', 'D', 'E', 'A', 'D', 'G', 'B'],['D', 'D', 'A', 'A', 'D', 'G', 'G'],0
['G', 'C', 'D', 'G', 'A', 'A', 'F', 'F'],['G', 'G', 'D', 'D', 'A', 'A', 'F', 'F'],0
['G', 'D', 'A', 'A', 'D', 'G', 'G'],['G', 'G', 'A', 'A', 'D', 'G', 'G'],0
['E', 'G', 'D', 'G', 'C', 'C', 'E', 'C'],['E', 'E', 'G', 'G', 'C', 'C', 'E', 'E'],0
['D', 'G', 'A', 'A', 'A', 'E', 'G'],['D', 'G', 'A', 'A', 'A', 'E', 'G'],1
['D', 'B', 'C', 'F', 'G', 'G', 'A', 'A'],['D', 'D', 'C', 'F', 'G', 'G', 'A', 'A'],0
['A', 'A', 'A'],['A', 'D', 'G'],0
['A'],['A'],1
['D', 'D', 'D', 'E', 'D', 'A', 'D', 'D'],['D', 'D', 'D', 'D', 'D', 'D', 'D', 'D'],0
['A', 'A'],['G', 'G'],0
['A', 'E', 'A', 'B', 'A', 'A', 'A', 'A'],['A', 'A', 'A', 'A', 'A', 'A', 'A', 'A'],0
['A', 'A', 'A'],['D', 'D', 'D'],0
['G', 'G', 'E', 'F', 'D', 'E', 'A'],['G', 'G', 'E', 'D', 'D', 'A', 'A'],0
['A', 'A'],['D', 'A'],0
['D', 'D', 'E', 'E', 'A', 'A', 'A', 'B'],['D', 'D', 'E', 'E', 'A', 'A', 'A', 'B'],1
['A', 'A', 'A', 'A'],['E', 'E', 'A', 'A'],0
['D', 'A', 'D', 'E', 'D', 'E', 'D', 'D'],['D', 'D', 'D', 'D', 'D', 'D', 'D', 'D'],0
['A', 'A', 'A'],['G', 'B', 'B'],0
['E', 'B', 'E', 'F', 'E', 'F', 'E', 'E'],['E', 'E', 'E', 'E', 'E', 'E', 'E', 'E'],0
['A', 'A'],['A', 'D'],0
['G', 'G', 'A', 'D', 'G', 'G', 'C', 'A'],['G', 'G', 'D', 'D', 'G', 'G', 'A', 'A'],0
['A', 'A', 'A'],['B', 'A', 'A'],0
['D', 'D', 'F', 'D', 'A', 'B', 'A', 'A'],['D', 'D', 'F', 'F', 'A', 'A', 'A', 'A'],0
['D'],['D'],1
['A', 'A'],['G', 'G'],0
['G', 'G', 'D', 'D', 'G', 'A', 'F'],['G', 'G', 'D', 'D', 'G', 'F', 'F'],0
['A', 'A'],['G', 'G'],0
['C', 'C', 'D', 'G', 'A', 'D', 'A', 'D', 'D'],['C', 'C', 'G', 'G', 'A', 'A', 'A', 'D', 'D'],0
['A', 'A'],['G', 'G'],0
['A', 'F', 'G', 'G', 'D', 'D', 'E', 'C'],['F', 'F', 'G', 'G', 'D', 'D', 'C', 'C'],0
['A', 'A'],['D', 'B'],0
['E', 'E', 'E', 'C', 'D', 'G', 'G', 'D', 'D', 'D'],['E', 'E', 'E', 'C', 'D', 'G', 'G', 'D', 'D', 'D'],1
['A', 'A', 'A'],['G', 'G', 'G'],0
['G', 'G', 'G', 'E', 'A', 'F', 'G', 'G'],['G', 'G', 'G', 'E', 'A', 'A', 'G', 'G'],0
['A', 'A', 'A'],['D', 'D', 'B'],0
['E', 'C', 'D', 'G', 'A', 'A', 'B', 'E'],['E', 'E', 'G', 'G', 'A', 'A', 'E', 'E'],0
['A', 'A', 'C', 'A', 'A', 'E', 'E', 'G', 'G'],['A', 'A', 'A', 'A', 'A', 'E', 'E', 'G', 'G'],0
['C', 'C', 'D', 'D', 'G', 'G', 'C'],['C', 'C', 'D', 'D', 'G', 'G', 'C'],1
['A', 'A', 'A'],['G', 'E', 'E'],0
['A', 'D', 'G', 'E', 'E', 'A', 'F', 'G', 'G'],['A', 'D', 'G', 'E', 'E', 'F', 'F', 'G', 'G'],0
['A', 'F', 'A', 'D', 'D', 'G'],['A', 'A', 'A', 'D', 'D', 'G'],0
['A', 'A'],['C', 'C'],0
['A', 'E', 'E', 'F', 'F', 'C', 'D'],['A', 'E', 'E', 'F', 'F', 'C', 'C'],0
['C', 'D', 'G', 'C', 'C', 'C'],['C', 'D', 'G', 'C', 'C', 'C'],1
['C', 'D', 'E', 'E', 'A', 'A', 'D', 'G'],['C', 'D', 'E', 'E', 'A', 'A', 'D', 'G'],1
['C', 'D', 'G', 'G', 'C', 'C'],['C', 'D', 'G', 'G', 'C', 'C'],1
['F', 'D', 'C', 'F', 'G', 'G', 'E'],['F', 'F', 'C', 'C', 'G', 'G', 'E'],0
['A', 'A', 'E', 'E', 'A', 'A', 'E'],['A', 'A', 'E', 'E', 'A', 'A', 'A'],0
['D', 'D', 'G', 'G', 'C', 'C', 'D', 'D'],['D', 'D', 'G', 'G', 'C', 'C', 'D', 'D'],1
['G', 'G', 'D', 'C', 'C', 'A', 'C'],['G', 'G', 'G', 'C', 'C', 'A', 'A'],0
['D', 'D', 'G', 'C', 'D', 'C', 'E', 'E'],['D', 'D', 'G', 'C', 'C', 'C', 'C', 'C'],0
['A', 'A', 'A', 'F', 'E'],['F', 'C', 'D', 'D', 'D'],0
['A', 'A', 'A', 'F', 'E'],['G', 'G', 'A', 'D', 'G'],0
['C', 'C', 'A', 'A', 'D', 'D', 'B'],['C', 'C', 'A', 'A', 'D', 'D', 'B'],1
['C', 'B', 'C', 'D', 'E', 'F', 'C', 'C'],['C', 'C', 'C', 'D', 'E', 'F', 'C', 'C'],0
['D', 'F', 'G', 'C', 'C', 'D', 'D'],['D', 'D', 'G', 'C', 'C', 'D', 'D'],0
['G', 'G', 'A', 'F', 'G', 'C'],['G', 'G', 'A', 'A', 'G', 'G'],0
['D', 'E', 'C', 'D', 'B', 'F', 'C', 'C'],['D', 'C', 'C', 'B', 'B', 'F', 'F', 'F'],0
['G', 'E', 'E', 'F', 'B', 'C', 'F'],['G', 'E', 'E', 'A', 'A', 'C', 'F'],0
['G', 'G', 'A', 'D', 'C', 'C', 'G', 'G'],['G', 'G', 'A', 'A', 'C', 'C', 'G', 'G'],0
['C'],['C'],1
['A', 'A'],['B', 'B'],0
['G', 'E', 'B', 'E', 'E', 'C', 'E', 'C', 'B', 'B', 'D'],['G', 'G', 'B', 'E', 'E', 'C', 'E', 'E', 'B', 'B', 'D'],0
['F', 'F', 'G', 'C', 'F', 'F'],['F', 'F', 'C', 'C', 'F', 'F'],0
['B', 'B', 'C', 'B', 'A', 'C'],['B', 'B', 'C', 'B', 'C', 'C'],0
['F', 'F', 'G', 'C', 'F', 'B'],['F', 'F', 'C', 'C', 'F', 'B'],0
['E', 'C', 'B', 'E', 'F', 'B', 'B'],['E', 'E', 'B', 'B', 'F', 'B', 'B'],0
['A', 'A', 'B', 'B', 'F'],['E', 'E', 'B', 'F', 'B'],0
['C', 'D', 'G', 'A', 'F', 'G'],['C', 'D', 'G', 'F', 'F', 'G'],0
['A', 'A'],['C', 'F'],0
['B', 'C', 'A', 'B', 'B', 'A', 'C'],['B', 'C', 'C', 'B', 'B', 'C', 'C'],0
['D', 'D', 'C', 'E', 'F', 'E'],['D', 'D', 'C', 'E', 'F', 'E'],1
['B', 'C', 'C', 'F', 'B', 'C'],['B', 'C', 'C', 'F', 'B', 'C'],1
['A', 'A', 'B', 'B', 'F'],['B', 'B', 'F', 'F', 'B'],0
['A', 'A'],['D', 'D'],0
['B', 'E', 'D', 'E', 'D', 'G', 'C', 'C'],['B', 'B', 'D', 'D', 'D', 'G', 'C', 'C'],0
['D', 'F', 'B', 'E', 'A', 'B', 'G'],['D', 'F', 'E', 'E', 'A', 'B', 'B'],0
['A', 'D', 'E', 'E', 'F', 'F', 'G', 'A'],['A', 'A', 'E', 'E', 'F', 'F', 'G', 'A'],0
['G', 'G', 'A', 'A', 'D', 'D', 'E'],['G', 'G', 'A', 'A', 'D', 'D', 'D'],0
['F', 'D', 'C', 'E', 'A', 'D', 'E'],['F', 'F', 'E', 'E', 'A', 'A', 'E'],0
['A', 'A', 'A', 'A', 'D'],['A', 'B', 'B', 'D', 'D'],0
['A', 'A', 'A', 'A', 'D'],['G', 'G', 'C', 'D', 'F'],0
['B', 'G', 'A', 'A', 'B', 'E', 'E'],['B', 'B', 'A', 'A', 'B', 'E', 'E'],0
['A', 'E', 'F', 'G', 'C', 'D', 'D'],['A', 'E', 'E', 'G', 'G', 'D', 'D'],0
['B', 'B', 'E', 'E', 'B', 'B', 'B'],['B', 'B', 'E', 'E', 'B', 'B', 'B'],1
['C', 'F', 'G', 'E', 'A', 'F', 'A', 'B', 'D'],['C', 'C', 'G', 'E', 'A', 'A', 'A', 'D', 'D'],0
['A', 'A', 'A', 'A', 'D'],['G', 'G', 'A', 'A', 'D'],0
['G'],['G'],1
['D', 'D', 'D', 'B', 'D', 'G', 'A', 'G', 'G'],['D', 'D', 'D', 'D', 'D', 'G', 'G', 'G', 'G'],0
['C', 'C', 'D', 'D', 'G', 'D'],['C', 'C', 'D', 'D', 'G', 'D'],1
['E', 'C', 'B', 'D', 'E', 'E', 'A', 'A'],['E', 'E', 'B', 'B', 'E', 'E', 'A', 'A'],0
['A', 'A', 'A'],['D', 'D', 'D'],0
['G', 'A', 'B', 'D', 'G', 'A', 'G', 'A'],['G', 'G', 'B', 'B', 'G', 'G', 'G', 'G'],0
['G', 'G', 'C', 'C', 'C', 'D', 'B', 'B'],['G', 'G', 'C', 'C', 'C', 'D', 'B', 'B'],1
['C', 'A', 'E', 'B', 'A', 'A', 'D', 'D'],['C', 'C', 'E', 'B', 'A', 'A', 'D', 'D'],0
['G', 'G', 'F', 'F', 'G', 'E'],['G', 'G', 'F', 'F', 'G', 'E'],1
['A', 'D', 'E', 'B', 'A', 'A', 'D', 'B', 'D'],['A', 'A', 'E', 'E', 'A', 'A', 'D', 'D', 'D'],0
['G'],['G'],1
['G'],['G'],1
['A', 'A', 'A', 'A', 'D'],['G', 'D', 'G', 'G', 'C'],0
['A', 'A'],['D', 'D'],0
['A', 'A', 'A', 'A', 'D'],['G', 'F', 'F', 'G', 'A'],0
['A', 'A'],['D', 'D'],0
['G', 'F', 'B', 'B', 'G', 'G'],['G', 'F', 'B', 'B', 'G', 'G'],1
['A', 'A', 'A', 'A'],['E', 'F', 'B', 'D'],0
['G', 'F', 'C', 'B', 'B', 'B', 'B'],['G', 'F', 'F', 'B', 'B', 'B', 'B'],0
['A', 'A', 'A', 'A', 'D'],['C', 'C', 'F', 'B', 'B'],0
['F', 'B', 'G', 'D', 'D', 'G'],['F', 'B', 'B', 'D', 'D', 'G'],0
['A', 'A', 'A', 'A', 'D'],['C', 'F', 'C', 'F', 'C'],0
['D', 'D', 'B', 'D', 'G', 'G', 'C', 'G'],['D', 'D', 'D', 'D', 'G', 'G', 'C', 'G'],0
['A', 'A', 'A', 'A'],['A', 'D', 'D', 'G'],0
['A', 'A', 'A', 'F'],['C', 'G', 'C', 'G'],0
['A', 'F', 'G', 'D', 'D', 'G'],['A', 'A', 'G', 'D', 'D', 'G'],0
['C', 'D', 'B', 'C', 'C', 'G', 'E', 'G'],['C', 'D', 'D', 'C', 'C', 'G', 'G', 'G'],0
['C', 'C', 'G', 'G', 'G', 'C'],['C', 'C', 'G', 'G', 'G', 'C'],1
['C', 'F', 'F', 'F', 'C', 'F', 'D'],['C', 'F', 'F', 'F', 'C', 'F', 'F'],0
['C', 'A', 'D', 'B', 'G', 'A'],['A', 'A', 'D', 'D', 'D', 'A'],0
['C', 'E', 'C', 'F', 'F', 'G'],['C', 'C', 'C', 'F', 'F', 'G'],0
['A', 'A', 'A', 'F', 'E'],['F', 'F', 'C', 'C', 'G'],0
['C', 'C', 'C', 'C', 'D', 'B', 'C', 'C'],['C', 'C', 'C', 'C', 'D', 'D', 'C', 'C'],0
['F', 'F', 'D', 'D', 'E', 'E'],['F', 'F', 'D', 'D', 'E', 'E'],1
['A', 'A', 'A', 'F'],['A', 'E', 'E', 'C'],0
['D', 'B', 'C', 'F', 'G', 'G', 'C', 'C'],['D', 'D', 'C', 'C', 'G', 'G', 'C', 'C'],0
['A', 'A', 'A'],['G', 'G', 'C'],0
['E'],['E'],1
['B', 'E', 'B', 'E', 'A', 'E'],['E', 'E', 'B', 'E', 'A', 'E'],0
['A', 'F', 'G', 'C', 'D', 'B', 'B'],['A', 'F', 'G', 'C', 'D', 'B', 'B'],1
['E', 'F', 'E', 'G', 'C', 'C', 'F', 'F'],['E', 'E', 'E', 'E', 'C', 'C', 'F', 'F'],0
['B', 'B', 'F', 'F', 'B', 'E', 'G'],['B', 'B', 'F', 'F', 'B', 'E', 'E'],0
['C', 'A', 'B', 'B', 'F', 'G', 'B', 'B'],['C', 'C', 'B', 'B', 'F', 'F', 'B', 'B'],0
['E', 'E', 'F', 'F', 'B', 'E', 'F'],['E', 'E', 'F', 'F', 'B', 'E', 'E'],0
['E', 'A', 'G', 'B', 'C', 'D', 'E', 'F'],['E', 'A', 'B', 'B', 'C', 'D', 'E', 'F'],0
['C', 'C', 'F', 'F', 'C', 'C', 'C', 'C'],['C', 'C', 'F', 'F', 'C', 'C', 'C', 'C'],1
['F', 'E', 'D', 'F', 'E', 'A', 'B', 'B'],['F', 'E', 'D', 'D', 'E', 'A', 'B', 'B'],0
['A', 'A', 'B', 'B', 'B'],['C', 'C', 'B', 'B', 'E'],0
['E', 'E', 'E', 'E', 'A', 'C', 'F', 'F'],['E', 'E', 'E', 'E', 'A', 'A', 'F', 'F'],0
['B', 'E', 'B', 'B', 'B', 'E'],['B', 'B', 'B', 'B', 'B', 'E'],0
['B', 'C', 'B', 'B', 'C', 'C', 'E', 'C', 'F'],['B', 'B', 'B', 'B', 'C', 'C', 'C', 'C', 'F'],0
['G', 'B', 'C', 'C', 'C', 'F', 'F', 'F', 'F'],['G', 'G', 'E', 'C', 'C', 'F', 'F', 'F', 'F'],0
['A', 'A', 'B', 'B', 'B'],['B', 'E', 'E', 'E', 'E'],0
['A', 'C', 'F', 'A', 'B', 'E', 'F', 'G'],['A', 'A', 'F', 'F', 'B', 'E', 'F', 'F'],0
['A', 'A', 'B', 'B', 'B'],['C', 'E', 'E', 'C', 'C'],0
['F', 'A', 'B', 'B', 'E', 'E', 'F', 'F', 'F'],['F', 'F', 'B', 'B', 'E', 'E', 'F', 'F', 'F'],0
['A', 'A', 'B', 'B'],['B', 'B', 'B', 'E'],0
['E', 'E', 'C', 'E', 'A', 'A', 'F', 'C'],['E', 'E', 'C', 'C', 'A', 'A', 'F', 'F'],0
['B', 'D', 'G', 'E', 'G', 'C'],['B', 'B', 'G', 'G', 'G', 'C'],0
['E', 'E', 'C', 'C', 'E', 'A', 'B', 'A', 'E'],['E', 'E', 'C', 'C', 'C', 'A', 'B', 'A', 'E'],0
['F', 'A', 'A', 'B', 'B', 'E'],['F', 'F', 'F', 'B', 'B', 'E'],0
['F'],['F'],1
['B', 'E', 'F', 'C', 'C', 'D'],['B', 'B', 'F', 'C', 'C', 'D'],0
['A', 'A', 'A', 'A', 'E'],['E', 'A', 'A', 'D', 'D'],0
['G', 'B', 'C', 'F', 'F', 'C', 'C'],['G', 'G', 'C', 'F', 'F', 'C', 'C'],0
['A', 'A', 'A'],['F', 'F', 'F'],0
['A', 'A', 'A', 'A', 'E'],['D', 'D', 'G', 'G', 'G'],0
['A', 'A', 'A', 'A', 'E'],['F', 'F', 'F', 'C', 'C'],0
['A', 'A', 'A', 'A'],['F', 'F', 'G', 'G'],0
['A', 'A', 'A', 'A', 'E'],['A', 'A', 'A', 'B', 'F'],0
['G', 'B', 'C', 'F', 'F', 'C', 'C'],['G', 'G', 'C', 'F', 'F', 'C', 'C'],0
['F'],['F'],1
['D'],['D'],1
['A', 'D', 'A', 'B', 'G', 'F', 'A'],['A', 'D', 'A', 'B', 'B', 'F', 'F'],0
['B', 'B', 'F', 'B', 'C', 'E', 'A', 'D'],['B', 'B', 'B', 'B', 'E', 'E', 'A', 'D'],0
['G', 'C', 'C', 'D', 'G', 'A', 'A'],['G', 'C', 'C', 'D', 'D', 'A', 'A'],0
['B', 'D', 'C', 'E', 'A', 'D'],['B', 'D', 'E', 'E', 'A', 'D'],0
['A', 'A', 'A', 'A', 'D'],['G', 'D', 'C', 'C', 'D'],0
['A', 'A', 'A', 'A'],['A', 'A', 'A', 'D'],0
['A', 'A'],['A', 'D'],0
['A', 'A'],['A', 'D'],0
['D', 'D', 'D', 'D', 'A', 'A', 'A', 'A'],['D', 'D', 'D', 'D', 'A', 'A', 'A', 'A'],1
['D', 'D', 'D', 'D', 'A', 'A', 'D', 'D'],['D', 'D', 'D', 'D', 'A', 'A', 'D', 'D'],1
['E', 'C', 'B', 'D', 'E', 'C', 'E', 'A', 'A'],['E', 'E', 'B', 'B', 'E', 'E', 'E', 'A', 'A'],0
['A', 'A', 'A', 'A', 'D'],['D', 'B', 'B', 'F', 'F'],0
['G', 'E', 'F', 'G', 'C', 'D', 'D'],['G', 'G', 'F', 'G', 'C', 'D', 'D'],0
['E', 'C', 'E', 'A', 'A', 'D'],['E', 'E', 'E', 'A', 'A', 'D'],0
['E'],['E'],1
['A', 'A', 'F', 'F', 'F', 'G', 'G', 'C', 'C', 'C'],['A', 'A', 'F', 'F', 'F', 'G', 'G', 'C', 'C', 'C'],1
['C', 'C', 'F', 'D', 'G', 'G'],['C', 'C', 'F', 'F', 'G', 'G'],0
['A', 'B', 'E', 'E', 'F', 'G', 'C', 'D'],['A', 'B', 'E', 'E', 'F', 'G', 'C', 'C'],0
['C', 'C', 'F', 'B', 'F', 'F'],['C', 'C', 'F', 'B', 'F', 'F'],1
['B', 'E', 'G', 'A', 'B', 'E', 'E', 'E', 'A', 'B'],['B', 'E', 'E', 'A', 'B', 'E', 'E', 'E', 'A', 'A'],0
['F', 'D', 'F', 'B', 'B', 'E', 'E', 'F'],['F', 'D', 'D', 'B', 'B', 'E', 'E', 'F'],0
['E', 'F', 'B', 'B', 'D', 'E'],['E', 'F', 'B', 'B', 'B', 'E'],0
['A', 'B', 'A', 'E', 'C', 'C'],['A', 'A', 'A', 'E', 'C', 'C'],0
['F', 'E', 'F', 'B', 'D', 'B'],['F', 'F', 'F', 'B', 'B', 'B'],0
['C', 'A', 'C', 'F', 'F', 'B', 'E', 'F'],['C', 'C', 'C', 'F', 'F', 'B', 'E', 'E'],0
['E', 'E', 'A', 'A', 'E', 'E', 'E', 'C'],['E', 'E', 'A', 'A', 'E', 'E', 'C', 'C'],0
['F', 'F', 'F', 'B', 'B', 'C', 'D'],['F', 'F', 'F', 'B', 'B', 'C', 'D'],1
['E', 'A', 'B', 'B', 'G', 'E'],['E', 'A', 'B', 'B', 'G', 'G'],0
['F', 'D', 'E', 'E', 'B', 'B', 'B'],['F', 'F', 'E', 'E', 'B', 'B', 'B'],0
['F', 'B', 'E', 'A', 'G', 'B'],['F', 'B', 'E', 'E', 'G', 'G'],0
['A', 'A', 'B', 'B'],['C', 'D', 'G', 'A'],0
['B', 'G', 'E', 'E', 'B', 'B', 'E', 'E'],['B', 'B', 'E', 'E', 'B', 'B', 'E', 'E'],0
['F', 'D', 'F', 'B', 'B', 'B', 'E'],['F', 'D', 'D', 'B', 'B', 'B', 'E'],0
['C'],['C'],1
['F', 'A', 'A', 'A', 'B', 'B', 'C', 'A'],['F', 'F', 'A', 'A', 'B', 'B', 'C', 'C'],0
['A', 'A', 'A', 'A', 'E'],['B', 'B', 'C', 'F', 'F'],0
['C', 'A', 'F', 'F', 'C', 'G', 'F', 'C'],['C', 'C', 'F', 'F', 'C', 'C', 'C', 'C'],0
['A', 'A', 'A'],['F', 'C', 'C'],0
['C', 'C', 'F', 'F', 'G', 'B', 'C', 'C'],['C', 'C', 'F', 'F', 'G', 'G', 'C', 'C'],0
['F', 'F', 'F', 'B', 'C', 'C'],['F', 'F', 'F', 'B', 'C', 'C'],1
['F', 'B', 'C', 'C', 'D', 'D', 'G', 'E', 'G'],['F', 'B', 'C', 'C', 'D', 'D', 'G', 'G', 'G'],0
['A', 'A'],['C', 'C'],0
['F', 'A', 'F', 'D', 'F', 'B', 'B', 'A', 'F'],['F', 'F', 'F', 'F', 'F', 'B', 'B', 'F', 'F'],0
['G', 'B', 'B', 'C', 'D', 'D', 'D'],['G', 'G', 'G', 'G', 'D', 'D', 'D'],0
['C', 'A', 'F', 'F', 'C', 'G', 'F', 'C'],['C', 'C', 'F', 'F', 'C', 'C', 'C', 'C'],0
['F'],['F'],1
['A', 'A'],['E', 'E'],0
['B', 'B', 'E', 'F', 'G', 'C', 'D', 'B', 'D'],['B', 'B', 'B', 'F', 'G', 'C', 'D', 'D', 'D'],0
['A', 'A', 'A'],['G', 'G', 'A'],0
['G', 'B', 'C', 'G', 'G', 'D', 'B', 'G', 'G'],['G', 'G', 'C', 'C', 'C', 'D', 'D', 'G', 'G'],0
['D', 'D', 'D', 'D', 'G', 'A'],['D', 'D', 'D', 'D', 'G', 'A'],1
['D', 'D', 'B', 'B', 'C', 'E', 'D', 'D'],['D', 'D', 'B', 'B', 'C', 'C', 'E', 'D'],0
['A', 'A', 'A'],['G', 'G', 'G'],0
['A', 'D', 'F', 'G', 'D', 'D', 'E', 'E', 'D', 'A'],['A', 'D', 'D', 'G', 'D', 'D', 'E', 'E', 'D', 'A'],0
['A', 'A', 'A'],['D', 'D', 'D'],0
['G', 'G', 'G', 'G', 'C', 'C', 'D', 'G'],['G', 'G', 'G', 'G', 'C', 'C', 'G', 'G'],0
['A', 'A'],['C', 'D'],0
['G', 'A', 'D', 'G', 'C', 'G', 'D', 'D'],['G', 'G', 'G', 'C', 'C', 'G', 'D', 'D'],0
['G'],['G'],1
['F'],['F'],1
['C', 'C', 'F', 'C', 'D', 'B', 'F'],['C', 'C', 'F', 'C', 'D', 'D', 'F'],0
['B', 'B', 'D', 'B', 'B', 'F', 'C'],['B', 'B', 'B', 'B', 'B', 'F', 'C'],0
['D', 'E', 'F', 'G', 'C', 'E'],['D', 'E', 'F', 'G', 'C', 'C'],0
['A', 'A', 'A', 'A', 'E'],['D', 'D', 'G', 'C', 'F'],0
['B', 'B', 'C', 'B', 'C', 'F', 'F'],['B', 'B', 'C', 'B', 'C', 'F', 'F'],1
['A', 'A', 'A'],['C', 'C', 'F'],0
['A', 'A'],['C', 'F'],0
['A', 'A'],['C', 'F'],0
['F', 'F', 'F', 'F', 'C', 'D', 'C', 'C'],['F', 'F', 'F', 'F', 'C', 'C', 'C', 'C'],0
['F', 'A', 'A', 'B', 'C', 'C', 'A', 'C'],['F', 'F', 'F', 'F', 'C', 'C', 'C', 'C'],0
['F', 'F', 'D', 'D', 'G', 'G', 'C', 'C'],['F', 'F', 'D', 'D', 'G', 'G', 'C', 'C'],1
['A', 'A', 'A', 'A', 'E'],['F', 'D', 'D', 'E', 'E'],0
['B', 'B', 'C', 'B', 'E', 'F', 'A'],['B', 'B', 'C', 'B', 'B', 'F', 'F'],0
['A', 'A', 'A', 'A', 'E'],['G', 'G', 'G', 'C', 'F'],0
['G', 'G', 'G', 'G', 'A', 'D', 'D', 'D'],['G', 'G', 'G', 'G', 'D', 'D', 'D', 'D'],0
['A', 'A', 'A', 'A', 'D'],['G', 'G', 'G', 'G', 'D'],0
['E', 'E', 'E', 'G', 'C', 'C', 'G', 'G'],['E', 'E', 'G', 'G', 'C', 'C', 'G', 'G'],0
['A', 'F', 'G', 'G', 'A', 'A', 'D', 'D', 'D'],['A', 'A', 'G', 'G', 'A', 'A', 'D', 'D', 'D'],0
['G'],['G'],1
['G', 'G', 'A', 'D', 'E', 'C', 'D'],['G', 'G', 'D', 'D', 'C', 'C', 'D'],0
['E', 'A', 'A', 'D', 'E', 'D'],['E', 'A', 'A', 'D', 'D', 'D'],0
['G', 'G', 'A', 'G', 'C', 'E', 'C', 'E', 'E'],['G', 'G', 'A', 'G', 'C', 'C', 'C', 'C', 'C'],0
['A', 'F', 'G', 'D', 'D', 'D', 'D'],['A', 'A', 'G', 'D', 'D', 'D', 'D'],0
['G'],['G'],1
['A', 'A'],['B', 'B'],0
['D', 'G', 'G', 'D', 'E', 'D'],['D', 'G', 'G', 'D', 'D', 'D'],0
['A', 'A', 'B', 'B', 'F'],['E', 'A', 'A', 'D', 'G'],0
['A', 'E', 'C', 'B', 'D', 'E', 'B'],['A', 'E', 'E', 'B', 'B', 'E', 'B'],0
['A', 'A', 'B', 'B', 'F'],['C', 'F', 'F', 'B', 'A'],0
['D', 'F', 'F', 'G', 'A', 'D', 'A'],['D', 'D', 'D', 'D', 'A', 'A', 'A'],0
['B', 'B', 'E', 'F', 'B', 'B'],['B', 'B', 'E', 'F', 'B', 'B'],1
['E', 'F', 'E', 'C', 'D', 'G', 'A'],['E', 'E', 'E', 'E', 'D', 'D', 'A'],0
['A', 'A', 'B', 'B', 'F'],['B', 'E', 'E', 'A', 'G'],0
['A', 'A', 'E', 'A', 'B', 'B', 'E', 'B'],['A', 'A', 'E', 'E', 'B', 'B', 'E', 'B'],0
['A', 'A', 'B', 'B'],['C', 'F', 'F', 'B'],0
['A', 'A'],['A', 'A'],1
['F', 'D', 'F', 'F', 'E', 'E', 'E', 'A', 'A', 'B', 'G'],['F', 'F', 'F', 'F', 'E', 'E', 'E', 'A', 'A', 'B', 'B'],0
['A', 'F', 'A', 'B', 'B', 'E', 'E', 'E', 'F'],['A', 'A', 'A', 'B', 'B', 'E', 'E', 'E', 'E'],0
['A', 'A', 'A', 'A', 'B'],['E', 'C', 'C', 'A', 'D'],0
['E', 'A', 'B', 'A', 'D', 'B', 'E'],['E', 'A', 'B', 'A', 'D', 'D', 'E'],0
['A', 'A'],['A', 'E'],0
['A', 'A', 'F', 'G', 'B', 'B', 'C', 'E', 'C', 'C'],['A', 'A', 'A', 'G', 'G', 'G', 'C', 'C', 'C', 'C'],0
['D', 'D', 'D', 'G', 'G', 'C', 'C'],['D', 'D', 'D', 'G', 'G', 'C', 'C'],1
['D', 'B', 'D', 'D', 'D', 'E', 'E', 'F', 'F'],['D', 'D', 'D', 'D', 'D', 'E', 'E', 'F', 'F'],0
['D', 'D', 'F', 'E', 'E', 'A'],['D', 'D', 'E', 'E', 'E', 'A'],0
['A', 'A'],['E', 'E'],0
['F', 'D', 'G', 'E', 'F', 'B', 'C', 'C'],['F', 'F', 'G', 'G', 'F', 'B', 'C', 'C'],0
['D', 'D', 'B', 'D', 'E', 'E'],['D', 'D', 'D', 'D', 'E', 'E'],0
['A', 'C', 'F', 'A', 'B', 'F', 'B', 'E', 'E'],['A', 'A', 'F', 'F', 'B', 'B', 'B', 'E', 'E'],0
['A', 'A', 'A'],['A', 'A', 'A'],1
['B', 'D', 'E', 'E', 'F', 'A', 'B', 'G'],['B', 'B', 'E', 'E', 'F', 'F', 'B', 'B'],0
['F', 'F', 'C', 'D', 'C', 'C'],['F', 'F', 'C', 'C', 'C', 'C'],0
['F', 'D', 'E', 'A', 'D', 'C', 'D', 'D'],['F', 'F', 'A', 'A', 'D', 'C', 'D', 'G'],0
['A', 'A'],['A', 'D'],0
['G', 'A', 'G', 'G', 'C', 'D', 'E', 'E'],['G', 'G', 'G', 'G', 'C', 'C', 'E', 'E'],0
['A', 'A', 'D', 'G', 'C', 'C'],['A', 'A', 'D', 'G', 'C', 'C'],1
['F', 'B', 'C', 'A', 'D', 'B', 'G', 'D'],['F', 'B', 'A', 'A', 'B', 'B', 'G', 'D'],0
['A', 'A', 'A'],['E', 'A', 'E'],0
['B', 'E', 'C', 'D', 'G', 'D'],['B', 'E', 'E', 'D', 'G', 'G'],0
['A', 'A', 'B', 'B', 'F'],['C', 'C', 'B', 'F', 'F'],0
['B', 'A', 'C', 'D', 'D', 'G', 'G'],['B', 'C', 'C', 'D', 'D', 'G', 'G'],0
['A', 'A', 'B', 'B'],['C', 'F', 'F', 'B'],0
['F', 'B', 'C', 'C', 'C', 'C'],['F', 'B', 'C', 'C', 'C', 'C'],1
['A', 'A', 'B', 'B', 'F'],['G', 'G', 'G', 'G', 'C'],0
['C', 'B', 'B', 'E', 'E', 'E'],['C', 'B', 'B', 'E', 'E', 'E'],1
['B', 'B', 'B', 'B', 'B', 'E'],['B', 'B', 'B', 'B', 'B', 'E'],1
['G', 'E', 'E', 'B', 'D', 'E'],['G', 'E', 'E', 'B', 'B', 'E'],0
['A', 'A', 'B', 'B'],['F', 'B', 'F', 'F'],0
['B', 'E', 'E', 'F', 'F', 'B'],['B', 'E', 'E', 'F', 'F', 'B'],1
['A', 'A', 'B', 'B'],['C', 'F', 'B', 'B'],0
['A', 'A'],['D', 'D'],0
['G', 'D', 'D', 'G', 'E', 'F', 'B'],['G', 'D', 'D', 'G', 'G', 'F', 'B'],0
['C', 'C', 'C', 'G', 'G', 'C', 'D'],['C', 'C', 'C', 'G', 'G', 'C', 'D'],1
['G', 'A', 'G', 'D', 'E', 'G', 'A', 'A'],['G', 'G', 'G', 'D', 'E', 'E', 'A', 'A'],0
['D', 'D', 'E', 'A', 'D', 'G', 'B'],['D', 'D', 'A', 'A', 'D', 'G', 'G'],0
['G', 'C', 'D', 'G', 'A', 'A', 'F', 'F'],['G', 'G', 'D', 'D', 'A', 'A', 'F', 'F'],0
['G', 'D', 'A', 'A', 'D', 'G', 'G'],['G', 'G', 'A', 'A', 'D', 'G', 'G'],0
['E', 'G', 'D', 'G', 'C', 'C', 'E', 'C'],['E', 'E', 'G', 'G', 'C', 'C', 'E', 'E'],0
['D', 'G', 'A', 'A', 'A', 'E', 'G'],['D', 'G', 'A', 'A', 'A', 'E', 'G'],1
['D', 'B', 'C', 'F', 'G', 'G', 'A', 'A'],['D', 'D', 'C', 'F', 'G', 'G', 'A', 'A'],0
['A', 'A', 'A'],['A', 'D', 'G'],0
['A', 'A'],['G', 'G'],0
['E', 'C', 'D', 'D', 'G', 'A', 'D', 'D'],['E', 'E', 'D', 'D', 'G', 'A', 'D', 'D'],0
['A', 'D', 'A', 'D', 'B', 'B'],['D', 'D', 'A', 'D', 'B', 'B'],0
['C', 'F', 'G', 'C', 'D', 'B', 'G', 'G'],['C', 'C', 'G', 'C', 'D', 'D', 'G', 'G'],0
['D', 'D', 'D', 'G', 'D', 'E'],['D', 'D', 'D', 'G', 'D', 'D'],0
['D', 'A', 'B', 'G', 'A', 'A', 'D'],['D', 'D', 'G', 'G', 'A', 'A', 'D'],0
['B', 'A', 'E', 'E', 'A', 'E', 'B'],['E', 'E', 'E', 'E', 'A', 'E', 'B'],0
['E', 'C', 'E', 'E', 'A', 'D', 'A', 'F'],['E', 'E', 'E', 'E', 'A', 'A', 'F', 'F'],0
['B', 'E', 'B', 'E', 'D', 'D'],['B', 'B', 'B', 'E', 'D', 'D'],0
['G', 'A', 'G', 'G', 'C', 'F', 'G', 'E'],['G', 'G', 'G', 'G', 'C', 'F', 'G', 'E'],0
['A', 'G', 'A', 'A', 'D', 'G', 'B'],['A', 'A', 'A', 'A', 'D', 'G', 'G'],0
['C', 'C', 'D', 'B', 'C', 'F', 'G', 'G'],['C', 'C', 'D', 'D', 'C', 'F', 'G', 'G'],0
['A', 'A', 'A', 'A', 'D'],['A', 'A', 'A', 'D', 'G'],0
['A', 'A'],['A', 'A'],1
['D', 'F', 'B', 'G', 'A', 'A', 'A', 'A'],['D', 'D', 'B', 'B', 'A', 'A', 'A', 'A'],0
['A', 'A', 'A', 'A', 'B'],['B', 'E', 'A', 'A', 'A'],0
['A', 'C', 'A', 'E', 'E', 'B', 'A', 'C'],['A', 'A', 'A', 'A', 'E', 'E', 'A', 'A'],0
['A', 'A', 'A', 'A', 'B'],['F', 'B', 'E', 'E', 'E'],0
['A', 'D', 'G', 'G', 'A', 'G', 'A', 'B'],['A', 'D', 'G', 'G', 'A', 'G', 'A', 'B'],1
['A', 'A', 'A'],['E', 'C', 'C'],0
['F', 'D', 'C', 'E', 'A', 'B', 'A', 'A'],['F', 'F', 'E', 'E', 'A', 'A', 'A', 'A'],0
['D', 'B', 'D', 'G', 'E', 'A', 'F', 'D'],['D', 'D', 'D', 'E', 'E', 'A', 'F', 'F'],0
['E', 'A', 'E', 'F', 'E', 'F', 'C', 'G'],['E', 'A', 'E', 'E', 'E', 'E', 'C', 'G'],0
['A', 'F', 'A', 'D', 'B', 'E', 'C', 'C'],['C', 'F', 'F', 'D', 'D', 'E', 'C', 'C'],0
['F', 'D', 'C', 'B', 'A', 'B', 'A', 'D'],['F', 'F', 'C', 'B', 'A', 'A', 'A', 'D'],0
['A', 'A', 'A', 'A', 'B'],['C', 'D', 'E', 'E', 'A'],0
['A', 'A', 'A', 'A'],['F', 'F', 'F', 'F'],0
['A', 'A', 'A', 'A'],['C', 'C', 'C', 'D'],0
['G', 'B', 'C', 'F', 'B', 'F'],['G', 'G', 'C', 'F', 'F', 'F'],0
['A', 'A', 'A', 'A', 'E'],['B', 'B', 'B', 'B', 'B'],0
['F'],['F'],1
['A', 'A', 'A'],['D', 'G', 'G'],0
['C', 'C', 'F', 'F', 'D', 'F'],['C', 'C', 'F', 'F', 'D', 'D'],0
['A', 'A', 'A', 'A'],['B', 'C', 'F', 'F'],0
['C'],['C'],1
['A', 'A', 'A', 'A'],['C', 'C', 'C', 'C'],0
['A', 'A', 'A', 'A'],['F', 'F', 'F', 'B'],0
['A', 'A', 'A', 'A', 'E'],['E', 'D', 'B', 'D', 'D'],0
['E', 'B', 'A', 'E', 'A', 'A'],['E', 'E', 'A', 'A', 'A', 'A'],0
['D'],['D'],1
['A', 'A', 'A', 'A', 'E'],['B', 'B', 'E', 'E', 'F'],0
['A', 'A', 'A', 'A'],['C', 'C', 'C', 'C'],0
['A', 'A', 'A'],['F', 'B', 'B'],0
['A', 'A', 'A', 'A', 'E'],['C', 'C', 'C', 'C', 'C'],0
['F'],['F'],1
